factor_date,factor_name,hold_start,hold_end,top_return,bottom_return,long_short_return,cum_long_short_return
2019-01-31,composite_growth,2019-02-04,2019-02-28,0.04220756442862168,0.0433601791077748,-0.0011526146791531189,-0.0011526146791531744
2019-02-28,composite_growth,2019-03-04,2019-03-29,-0.012484073877546407,-0.01838847697107047,0.005904403093524064,0.0047449829126935406
2019-03-31,composite_growth,2019-04-02,2019-04-30,0.012296770697172624,0.025451701425859334,-0.01315493072868671,-0.008472367737518471
2019-04-30,composite_growth,2019-05-02,2019-05-31,-0.07948849879485277,-0.06697864073302508,-0.012509858061827694,-0.020876237681502152
2019-05-31,composite_growth,2019-06-04,2019-06-28,0.055151947357683896,0.06219330746110496,-0.007041360103421067,-0.027770600677803126
2019-06-30,composite_growth,2019-07-02,2019-07-31,-0.004165215714674536,-0.0016572660482950656,-0.00250794966637947,-0.030208903075477522
2019-07-31,composite_growth,2019-08-02,2019-08-30,-0.03742371422580941,-0.027237081340854702,-0.010186632884954708,-0.040087808954945126
2019-08-31,composite_growth,2019-09-03,2019-09-30,0.052110321004218994,0.045709525610446056,0.006400795393772939,-0.033943607424077316
2019-09-30,composite_growth,2019-10-02,2019-10-31,0.012929328845151161,0.030775339328286827,-0.017846010483135666,-0.05118385993328756
2019-10-31,composite_growth,2019-11-04,2019-11-29,0.008701852387933279,0.021546374393541227,-0.012844522005607949,-0.06337094972365043
2019-11-30,composite_growth,2019-12-03,2019-12-31,0.0491514351906707,0.044866421204155356,0.004285013986515346,-0.059357481143039625
2019-12-31,composite_growth,2020-01-03,2020-01-31,-0.013256488701828871,-0.025016167974973632,0.01175967927314476,-0.04829582681059885
2020-01-31,composite_growth,2020-02-04,2020-02-28,-0.08339071031084819,-0.08645296827984425,0.0030622579689960627,-0.04538146312212277
2020-02-29,composite_growth,2020-03-03,2020-03-31,-0.24988743968076219,-0.22398507797023834,-0.025902361710523847,-0.07010833775990455
2020-03-31,composite_growth,2020-04-02,2020-04-30,0.29763050774897043,0.25216080290904125,0.04546970483992918,-0.027826438344736193
2020-04-30,composite_growth,2020-05-04,2020-05-29,0.09927572934918408,0.12185650556649998,-0.022580776217315898,-0.04977887198486464
2020-05-31,composite_growth,2020-06-02,2020-06-30,0.08364217336451478,0.03241798759950267,0.05122418576501211,-0.0011045684055779326
2020-06-30,composite_growth,2020-07-02,2020-07-31,0.056213464309521975,0.04504332020535544,0.011170144104166536,0.010053237510325275
2020-07-31,composite_growth,2020-08-04,2020-08-31,0.04385433806407074,0.02513792258351425,0.01871641548055649,0.02895781356104976
2020-08-31,composite_growth,2020-09-02,2020-09-30,-0.028449741728628145,-0.035563925975235014,0.007114184246606869,0.036278009028708924
2020-09-30,composite_growth,2020-10-02,2020-10-30,0.0024087695581927796,0.0075743989654426,-0.00516562940724982,0.030924980871184005
2020-10-31,composite_growth,2020-11-03,2020-11-30,0.2123597327373462,0.14456679800049071,0.06779293473685549,0.10081441081797826
2020-11-30,composite_growth,2020-12-02,2020-12-31,0.07945568487648084,0.07012567779031016,0.009330007086170683,0.11108501707146878
2020-12-31,composite_growth,2021-01-05,2021-01-29,0.14909948594228964,0.07354789584727356,0.07555159009501608,0.19502925684196626
2021-01-31,composite_growth,2021-02-02,2021-02-26,0.1150914826502631,0.060221880036404586,0.054869602613858516,0.2606000372768196
2021-02-28,composite_growth,2021-03-02,2021-03-31,0.005066575722220847,0.006534319676418296,-0.001467743954197449,0.2587497991934453
2021-03-31,composite_growth,2021-04-05,2021-04-30,-0.004461861568658236,0.010328505353764866,-0.014790366922423102,0.24013242779984778
2021-04-30,composite_growth,2021-05-04,2021-05-28,0.026518114689758177,0.008814194719721438,0.017703919970036737,0.26208763305386373
2021-05-31,composite_growth,2021-06-02,2021-06-30,0.015126031077912943,0.010027901265379007,0.005098129812533936,0.2685219196419659
2021-06-30,composite_growth,2021-07-02,2021-07-30,-0.04925295112759353,-0.014350153852024594,-0.034902797275568935,0.22424695624108693
2021-07-31,composite_growth,2021-08-03,2021-08-31,0.028597899417934617,0.01972767212180621,0.008870227296128408,0.23510630500953877
2021-08-31,composite_growth,2021-09-02,2021-09-30,-0.0200036408952064,-0.03974074671463253,0.019737105819426125,0.25948372884975246
2021-09-30,composite_growth,2021-10-04,2021-10-29,0.03038726664644767,0.031127660693548234,-0.0007403940471005649,0.25855121459449215
2021-10-31,composite_growth,2021-11-02,2021-11-30,-0.0669830231243366,-0.047967122680939854,-0.019015900443396745,0.23461872999484723
2021-11-30,composite_growth,2021-12-02,2021-12-31,0.043832608943967205,0.048586027055612636,-0.004753418111645431,0.22875007096271305
2021-12-31,composite_growth,2022-01-04,2022-01-31,-0.06481658524365297,-0.08557194422775567,0.020755358984102704,0.254253219787286
2022-01-31,composite_growth,2022-02-02,2022-02-28,0.003025505948250171,-0.017956537642785174,0.020982043591035344,0.28057001551905913
2022-02-28,composite_growth,2022-03-02,2022-03-31,0.03596640505383792,0.03259387454012337,0.0033725305137145487,0.28488877697134485
2022-03-31,composite_growth,2022-04-04,2022-04-29,-0.08852577578502768,-0.0985649005570238,0.010039124771996116,0.29778793572149787
2022-04-30,composite_growth,2022-05-03,2022-05-31,-0.01734851014578741,-0.013318441665026486,-0.004030068480760925,0.29255776146703494
2022-05-31,composite_growth,2022-06-02,2022-06-30,-0.07460987105876535,-0.05871331925207369,-0.01589655180669166,0.27201055004873287
2022-06-30,composite_growth,2022-07-05,2022-07-29,0.07705587407272337,0.0810359853763091,-0.003980111303585734,0.26694780648020355
2022-07-31,composite_growth,2022-08-02,2022-08-31,-0.0002519975466929324,-0.017253196990051085,0.017001199443358154,0.2884874388224985
2022-08-31,composite_growth,2022-09-02,2022-09-30,-0.10555327804145719,-0.08810942137190268,-0.017443856669554503,0.2660112486191575
2022-09-30,composite_growth,2022-10-04,2022-10-31,0.07655440676537742,0.05510535216654997,0.021449054598827448,0.29316599301351953
2022-10-31,composite_growth,2022-11-02,2022-11-30,0.03810041671993534,0.03893070579260492,-0.0008302890726695836,0.2920922914203725
2022-11-30,composite_growth,2022-12-02,2022-12-30,-0.05548723576187665,-0.04814521994531867,-0.007342015816557981,0.2826057293803115
2022-12-31,composite_growth,2023-01-04,2023-01-31,0.12683080650765755,0.12332193866686035,0.0035088678407971946,0.28710622337655645
2023-01-31,composite_growth,2023-02-02,2023-02-28,-0.03467368871999066,-0.0393420612536411,0.00466837253365044,0.29311491471765816
2023-02-28,composite_growth,2023-03-02,2023-03-31,-0.04151078961333086,-0.03446904536439998,-0.0070417442489308785,0.2840091302037384
2023-03-31,composite_growth,2023-04-04,2023-04-28,-0.011130536059733609,-0.01708187402537917,0.005951337965645563,0.2916507024885553
2023-04-30,composite_growth,2023-05-02,2023-05-31,-0.00027988929880240563,-0.0056247341465324235,0.005344844847730018,0.29855437509081817
2023-05-31,composite_growth,2023-06-02,2023-06-30,0.0771951861286066,0.05940141996367024,0.01779376616493636,0.3216605479936392
2023-06-30,composite_growth,2023-07-05,2023-07-31,0.037753777440431485,0.043862929679729795,-0.00610915223929831,0.3135863224972717
2023-07-31,composite_growth,2023-08-02,2023-08-31,-0.05051525393897768,-0.0475267815133029,-0.002988472425674786,0.30966070599374507
2023-08-31,composite_growth,2023-09-05,2023-09-29,0.02256047117306851,-0.07072063372282733,0.09328110489589583,0.4318273036875806
2023-09-30,composite_growth,2023-10-03,2023-10-31,-0.05111711293753898,-0.048626507434024434,-0.0024906055035145494,0.42826118672493396
2023-10-31,composite_growth,2023-11-02,2023-11-30,0.07111767306037284,0.08196804138827551,-0.010850368327902676,0.41276402678052104
2023-11-30,composite_growth,2023-12-04,2023-12-29,0.07126289691583097,0.09218250640195003,-0.020919609486119053,0.3832095550442356
2023-12-31,composite_growth,2024-01-03,2024-01-31,-0.02453969332354277,-0.025752861304104965,0.001213167980562195,0.384887620586823
2024-01-31,composite_growth,2024-02-02,2024-02-29,0.016110335294415426,0.04016590003896099,-0.024055564744545566,0.35157336676587714
2024-02-29,composite_growth,2024-03-04,2024-03-28,0.029431092972286233,0.026542468628329607,0.0028886243439566264,0.35547755449576024
2024-03-31,composite_growth,2024-04-02,2024-04-30,-0.05933630938795834,-0.05325170366848284,-0.0060846057194755,0.34723000801505477
2024-04-30,composite_growth,2024-05-02,2024-05-31,0.028705183753449298,0.035345075122017,-0.006639891368567699,0.3382845471133602
2024-05-31,composite_growth,2024-06-04,2024-06-28,-0.011395455352981882,-0.016545881261072485,0.005150425908090603,0.34517728251721014
2024-06-30,composite_growth,2024-07-02,2024-07-31,0.08188095420627835,0.08366896002087922,-0.0017880058146008682,0.3427720977144002
2024-07-31,composite_growth,2024-08-02,2024-08-30,0.004497053186577647,0.014048447614755486,-0.009551394428177838,0.3299467517819781
2024-08-31,composite_growth,2024-09-04,2024-09-30,0.05531621440896939,0.04173949558404215,0.01357671882492724,0.3480030648830472
2024-09-30,composite_growth,2024-10-02,2024-10-31,0.008606354292239337,0.02104030943704346,-0.012433955144804124,0.3312420552392328
2024-10-31,composite_growth,2024-11-04,2024-11-29,0.08213812342061177,0.08447017435417797,-0.0023320509335661987,0.32813753096150955
2024-11-30,composite_growth,2024-12-03,2024-12-31,-0.04492471558397859,-0.06061783501305393,0.015693119429075336,0.3489801518531257
2024-12-31,composite_growth,2025-01-03,2025-01-31,0.02009751839039872,0.021205184758169782,-0.0011076663677710638,0.3474859319081274
2025-01-31,composite_growth,2025-02-04,2025-02-28,-0.02381341065912445,-0.035189734706127504,0.011376324047003054,0.3628153685182922
2025-02-28,composite_growth,2025-03-04,2025-03-31,-0.022419547040448507,-0.038266618798760775,0.015847071758312268,0.3844120014565324
2025-03-31,composite_growth,2025-04-02,2025-04-30,-0.02616773615667821,-0.012665276786968863,-0.013502459369709346,0.3657190346559276
2025-04-30,composite_growth,2025-05-02,2025-05-30,0.055516730896421236,0.047812587554536816,0.00770414334188442,0.376240729863657
2025-05-31,composite_growth,2025-06-03,2025-06-30,0.062059434132571464,0.045624698949376714,0.01643473518319475,0.3988588818072929
2025-06-30,composite_growth,2025-07-02,2025-07-31,0.0027419957199839307,0.002299494819880498,0.0004425009001034325,0.3994778781216104
2025-07-31,composite_growth,2025-08-04,2025-08-29,0.09932442939289877,0.0736988057026411,0.02562562369025767,0.43534037158919503
2025-08-31,composite_growth,2025-09-03,2025-09-30,0.03535179124090283,0.0268502424700255,0.008501548770877332,0.4475429877610697
2025-09-30,composite_growth,2025-10-02,2025-10-31,0.0005223878074711025,-0.008894365391781109,0.009416753199252212,0.4611741428221239
2025-10-31,composite_growth,2025-11-04,2025-11-26,0.08045320458900254,0.013352393245584914,0.06710081134341762,0.5592201133195114
2019-01-31,composite_momentum,2019-02-04,2019-02-28,0.08110210893612697,0.09340821508197229,-0.01230610614584532,-0.012306106145845375
2019-02-28,composite_momentum,2019-03-04,2019-03-29,-0.01943717390285601,-0.00409900814043978,-0.015338165762416232,-0.02745551881230668
2019-03-31,composite_momentum,2019-04-02,2019-04-30,0.0023100201263206695,0.01911241039282869,-0.01680239026650802,-0.04379659073676079
2019-04-30,composite_momentum,2019-05-02,2019-05-31,-0.08641237798727765,-0.03269239748263714,-0.05371998050464051,-0.09516381924085282
2019-05-31,composite_momentum,2019-06-04,2019-06-28,0.04045753661693334,0.060677348061864166,-0.020219811444930826,-0.11345943620435406
2019-06-30,composite_momentum,2019-07-02,2019-07-31,-0.0007593483502739496,0.00503287197963006,-0.005792220329904009,-0.11859447448125571
2019-07-31,composite_momentum,2019-08-02,2019-08-30,0.05239874068876256,-0.03541834332656013,0.08781708401532269,-0.04119201139520645
2019-08-31,composite_momentum,2019-09-03,2019-09-30,0.027329041944198468,0.001091013431742247,0.02623802851245622,-0.01603478005222314
2019-09-30,composite_momentum,2019-10-02,2019-10-31,0.0417355685504342,0.02458940819384152,0.01714616035659268,0.0008364453943114913
2019-10-31,composite_momentum,2019-11-04,2019-11-29,0.013501738555986199,0.031838384899341245,-0.018336646343355044,-0.017515538552424603
2019-11-30,composite_momentum,2019-12-03,2019-12-31,0.0870749218582775,0.1027866845189114,-0.0157117626606339,-0.032952101228449604
2019-12-31,composite_momentum,2020-01-03,2020-01-31,0.001349054822006576,0.01069915144109086,-0.009350096619084284,-0.04199409251724606
2020-01-31,composite_momentum,2020-02-04,2020-02-28,-0.03883347458271671,-0.06820665975855296,0.02937318517583625,-0.013854407597210017
2020-02-29,composite_momentum,2020-03-03,2020-03-31,-0.23125632096585283,-0.23941759876454421,0.008161277798691385,-0.005806199467655704
2020-03-31,composite_momentum,2020-04-02,2020-04-30,0.3482531530526133,0.2704329864042057,0.07782016664840757,0.0715621277705849
2020-04-30,composite_momentum,2020-05-04,2020-05-29,0.17772497489805633,0.11794965889288596,0.05977531600517037,0.13561509257724436
2020-05-31,composite_momentum,2020-06-02,2020-06-30,0.2186617257028095,0.08974028831283108,0.1289214373899784,0.28202022263405624
2020-06-30,composite_momentum,2020-07-02,2020-07-31,0.06689342158566795,0.08630364673093213,-0.01941022514526418,0.2571359214719475
2020-07-31,composite_momentum,2020-08-04,2020-08-31,0.1724215270834817,0.042580448837181435,0.12984107824630028,0.4203638050180214
2020-08-31,composite_momentum,2020-09-02,2020-09-30,-0.0416289976350789,-0.014811283172942592,-0.026817714462136308,0.3822728940626947
2020-09-30,composite_momentum,2020-10-02,2020-10-30,0.007494881227817981,-0.014723208352917743,0.022218089580735723,0.4129843570480025
2020-10-31,composite_momentum,2020-11-03,2020-11-30,0.24467596259358315,0.20891530199132963,0.035760660602253524,0.46351361107668954
2020-11-30,composite_momentum,2020-12-02,2020-12-31,0.10785172117305683,0.13006979901992358,-0.022218077846866746,0.4309971517358384
2020-12-31,composite_momentum,2021-01-05,2021-01-29,0.16202340444684593,0.2585928607319233,-0.09656945628507735,0.2928065348472142
2021-01-31,composite_momentum,2021-02-02,2021-02-26,0.20106276279455448,0.11142411889273979,0.0896386439018147,0.4086919594583225
2021-02-28,composite_momentum,2021-03-02,2021-03-31,-0.013391651144557279,-0.03954446671364664,0.026152815569089362,0.44553322046769495
2021-03-31,composite_momentum,2021-04-05,2021-04-30,0.023899123443670855,0.005657903148357057,0.018241220295313797,0.47190151038644057
2021-04-30,composite_momentum,2021-05-04,2021-05-28,0.0053808767512864815,0.029741769148389507,-0.024360892397103026,0.43604467607278297
2021-05-31,composite_momentum,2021-06-02,2021-06-30,0.03718932681999603,0.042798548410616664,-0.005609221590620633,0.4279895832706597
2021-06-30,composite_momentum,2021-07-02,2021-07-30,-0.056528250620069734,-0.07619158120742725,0.019663330587357516,0.4560686145218136
2021-07-31,composite_momentum,2021-08-03,2021-08-31,0.01744166953334684,0.03687306888283275,-0.019431399349485914,0.42777516379278757
2021-08-31,composite_momentum,2021-09-02,2021-09-30,-0.03826147959577508,0.006775665848013513,-0.0450371454437886,0.3634722460800228
2021-09-30,composite_momentum,2021-10-04,2021-10-29,0.06083117084829737,0.05697346428007896,0.0038577065682184053,0.36873212191930915
2021-10-31,composite_momentum,2021-11-02,2021-11-30,-0.09068381086963884,-0.07592622387953574,-0.0147575869901031,0.34853293856393663
2021-11-30,composite_momentum,2021-12-02,2021-12-31,0.009128996190389522,0.01714160264110136,-0.008012606450711836,0.33772767484140176
2021-12-31,composite_momentum,2022-01-04,2022-01-31,-0.11350821990870481,-0.08863786194919919,-0.024870357959505623,0.30445790871575884
2022-01-31,composite_momentum,2022-02-02,2022-02-28,-0.045018187807134895,0.0028599869687586997,-0.047878174775893595,0.2420028449744691
2022-02-28,composite_momentum,2022-03-02,2022-03-31,0.045969844474332576,0.059294623997327114,-0.013324779522994538,0.22545343089825232
2022-03-31,composite_momentum,2022-04-04,2022-04-29,-0.17970229572416996,-0.06274000979571849,-0.11696228592845147,0.08212159632152916
2022-04-30,composite_momentum,2022-05-03,2022-05-31,-0.06359201977774771,0.014372174086074267,-0.07796419386382197,-0.002245141598311129
2022-05-31,composite_momentum,2022-06-02,2022-06-30,-0.016190648561428687,-0.08435719161490347,0.06816654305347479,0.06576835791374136
2022-06-30,composite_momentum,2022-07-05,2022-07-29,0.08507341978288988,0.06038449684379884,0.024688922939091036,0.09208103077319518
2022-07-31,composite_momentum,2022-08-02,2022-08-31,0.021135685785913086,0.084033863800158,-0.06289817801424491,0.0233911236936426
2022-08-31,composite_momentum,2022-09-02,2022-09-30,-0.11167014843221751,-0.0624299206705618,-0.04924022776165571,-0.027000888326289108
2022-09-30,composite_momentum,2022-10-04,2022-10-31,0.012263702241464239,0.05955834007099356,-0.04729463782952932,-0.07301852892135108
2022-10-31,composite_momentum,2022-11-02,2022-11-30,-0.004588027109642351,0.020412803605015538,-0.02500083071465789,-0.09619383575541285
2022-11-30,composite_momentum,2022-12-02,2022-12-30,-0.0645116772192042,-0.024199145039803194,-0.040312532179401006,-0.13262855083546377
2022-12-31,composite_momentum,2023-01-04,2023-01-31,0.2437922351619762,0.08051710384651836,0.16327513131545784,0.008991636426154859
2023-01-31,composite_momentum,2023-02-02,2023-02-28,-0.0704977940233487,-0.01102311354190002,-0.05947468048144868,-0.05101781875874467
2023-02-28,composite_momentum,2023-03-02,2023-03-31,-0.06295654298807671,-0.036879384147539426,-0.02607715884053728,-0.07576457783581247
2023-03-31,composite_momentum,2023-04-04,2023-04-28,-0.01663364858710211,0.005242191195335192,-0.021875839782437304,-0.09598300385232961
2023-04-30,composite_momentum,2023-05-02,2023-05-31,0.07886604783808096,-0.0070049265190953855,0.08587097435717635,-0.01835418355768137
2023-05-31,composite_momentum,2023-06-02,2023-06-30,0.04654007823375334,0.08986738395129681,-0.04332730571754347,-0.06088625195302533
2023-06-30,composite_momentum,2023-07-05,2023-07-31,0.07628745718516958,0.027896573600069308,0.04839088358510027,-0.015441707898116941
2023-07-31,composite_momentum,2023-08-02,2023-08-31,0.09882227601164095,-0.04734398434996363,0.14616626036160457,0.12846749576642358
2023-08-31,composite_momentum,2023-09-05,2023-09-29,-0.08755692469254618,-0.06532452384319727,-0.02223240084934891,0.10337895405508357
2023-09-30,composite_momentum,2023-10-03,2023-10-31,-0.052785569560695675,0.025501795710740318,-0.078287365271436,0.01699832284615832
2023-10-31,composite_momentum,2023-11-02,2023-11-30,0.09639170633426754,0.0832261620541819,0.013165544280085636,0.03038765929836207
2023-11-30,composite_momentum,2023-12-04,2023-12-29,0.12361250090636035,0.07387494459481875,0.0497375563115416,0.081636623525432
2023-12-31,composite_momentum,2024-01-03,2024-01-31,-0.026054263469834214,0.01201424421430128,-0.03806850768413549,0.04046033141131167
2024-01-31,composite_momentum,2024-02-02,2024-02-29,0.0809230995777675,0.03779023673457183,0.04313286284319567,0.08533836417986174
2024-02-29,composite_momentum,2024-03-04,2024-03-28,0.01330719871971372,0.020671563636283568,-0.007364364916569848,0.07734553640808817
2024-03-31,composite_momentum,2024-04-02,2024-04-30,-0.054727142516291266,-0.05834402042986099,0.0036168779135697243,0.0812421636840055
2024-04-30,composite_momentum,2024-05-02,2024-05-31,0.04098455589568027,0.029143210577712672,0.0118413453179676,0.09404552551653422
2024-05-31,composite_momentum,2024-06-04,2024-06-28,-0.0012283539556824574,-0.024550786912660286,0.023322432956977827,0.11956132893727522
2024-06-30,composite_momentum,2024-07-02,2024-07-31,0.06370979349058857,0.08381519234413068,-0.02010539885354211,0.09705210187798974
2024-07-31,composite_momentum,2024-08-02,2024-08-30,-0.016728425238473326,0.035632127109048305,-0.05236055234752163,0.039609847869648496
2024-08-31,composite_momentum,2024-09-04,2024-09-30,0.08094696948545359,0.03868647576269786,0.042260493722755726,0.08354427331965875
2024-09-30,composite_momentum,2024-10-02,2024-10-31,0.03597400127807607,0.02063846155716997,0.015335539720906097,0.10016100956251273
2024-10-31,composite_momentum,2024-11-04,2024-11-29,0.08245279540451941,0.08756741412105393,-0.005114618716534514,0.09453410547180274
2024-11-30,composite_momentum,2024-12-03,2024-12-31,0.007868550532897818,-0.05010597134773526,0.05797452188063308,0.15798919691857694
2024-12-31,composite_momentum,2025-01-03,2025-01-31,-0.008702464354223572,0.03207754286371642,-0.04078000721793999,0.11076638910994085
2025-01-31,composite_momentum,2025-02-04,2025-02-28,-0.022451687227067932,-0.036081407035932996,0.013629719808865064,0.1259058237666142
2025-02-28,composite_momentum,2025-03-04,2025-03-31,-0.019753315997588793,-0.05583324066947404,0.03607992467188524,0.1665284210757505
2025-03-31,composite_momentum,2025-04-02,2025-04-30,0.010265891521032702,0.0022461244883633705,0.008019767032669331,0.17588370724976565
2025-04-30,composite_momentum,2025-05-02,2025-05-30,0.05055681698522181,0.07574871099573513,-0.02519189401051332,0.14626096952804013
2025-05-31,composite_momentum,2025-06-03,2025-06-30,0.07490374014515584,0.03875794518525655,0.036145794959899294,0.18769348350313608
2025-06-30,composite_momentum,2025-07-02,2025-07-31,0.06244520394470961,0.014444558269430209,0.048000645675279396,0.2447035375756086
2025-07-31,composite_momentum,2025-08-04,2025-08-29,0.16006151017442694,0.07725053912653163,0.08281097104789531,0.3477786461889951
2025-08-31,composite_momentum,2025-09-03,2025-09-30,0.0426114735951454,0.08515794430646667,-0.04254647071132127,0.29043542149357093
2025-09-30,composite_momentum,2025-10-02,2025-10-31,0.012994879709230302,0.016387700561402048,-0.003392820852171746,0.2860572052871466
2025-10-31,composite_momentum,2025-11-04,2025-11-26,0.06635907939764443,-0.020345848991520196,0.08670492838916463,0.39756470317593773
2019-01-31,composite_strength,2019-02-04,2019-02-28,0.11108002558795795,0.04924562739272243,0.061834398195235514,0.06183439819523562
2019-02-28,composite_strength,2019-03-04,2019-03-29,-0.00750417624751656,-0.014686029539798239,0.007181853292281679,0.06946033706377186
2019-03-31,composite_strength,2019-04-02,2019-04-30,-0.0007284332817287053,0.022010613230344905,-0.02273904651207361,0.045141828716460886
2019-04-30,composite_strength,2019-05-02,2019-05-31,-0.0725117176975838,-0.0686148143702171,-0.0038969033273666964,0.041069012046565545
2019-05-31,composite_strength,2019-06-04,2019-06-28,0.043413762863398105,0.06819017318005151,-0.024776410316653404,0.015275059036146788
2019-06-30,composite_strength,2019-07-02,2019-07-31,-0.020119794497349512,0.015541653919304413,-0.035661448416653925,-0.020931120110386114
2019-07-31,composite_strength,2019-08-02,2019-08-30,-0.04558693763938108,-0.023180853936945647,-0.02240608370243543,-0.04286821938364249
2019-08-31,composite_strength,2019-09-03,2019-09-30,0.015163483276678475,0.0467124438475224,-0.03154896057084392,-0.07306473219140952
2019-09-30,composite_strength,2019-10-02,2019-10-31,0.02302748979774168,0.048650554529249684,-0.025623064731508004,-0.09681565456038677
2019-10-31,composite_strength,2019-11-04,2019-11-29,0.03656648502180596,0.019073088388717022,0.01749339663308894,-0.08101589257281472
2019-11-30,composite_strength,2019-12-03,2019-12-31,0.10622531629686949,0.03601649111605977,0.07020882518080972,-0.016495098030516964
2019-12-31,composite_strength,2020-01-03,2020-01-31,0.024057567672515007,-0.024854927731321412,0.04891249540383642,0.031610580966715984
2020-01-31,composite_strength,2020-02-04,2020-02-28,-0.05544442723420981,-0.0927033325041091,0.03725890526989929,0.0700472618783805
2020-02-29,composite_strength,2020-03-03,2020-03-31,-0.23115600456506796,-0.2413264216762732,0.010170417111205227,0.08093008886038655
2020-03-31,composite_strength,2020-04-02,2020-04-30,0.3276375289698121,0.2403892709934159,0.08724825797639618,0.17523935610772656
2020-04-30,composite_strength,2020-05-04,2020-05-29,0.18132026805001306,0.09256503773800936,0.08875523031200369,0.2795479958307987
2020-05-31,composite_strength,2020-06-02,2020-06-30,0.11670044439675632,0.03809011545938689,0.07861032893736944,0.3801336846742096
2020-06-30,composite_strength,2020-07-02,2020-07-31,0.05098295075672395,0.03381129441483509,0.017171656341888865,0.40383286601329993
2020-07-31,composite_strength,2020-08-04,2020-08-31,0.01873543029532556,0.034511929815588406,-0.015776499520262846,0.3816852974761118
2020-08-31,composite_strength,2020-09-02,2020-09-30,-0.01865310127439589,-0.03419696510251537,0.015543863828119477,0.4031620255933954
2020-09-30,composite_strength,2020-10-02,2020-10-30,-0.004005523769117565,0.004507984926268548,-0.008513508695386113,0.3912161934874705
2020-10-31,composite_strength,2020-11-03,2020-11-30,0.24883050095116455,0.13611788283916926,0.11271261811199529,0.5480238130152475
2020-11-30,composite_strength,2020-12-02,2020-12-31,0.11911135703692752,0.0558062902378961,0.06330506679903142,0.6460215639046689
2020-12-31,composite_strength,2021-01-05,2021-01-29,0.18154132043280072,0.04405895034449895,0.13748237008830178,0.8723205097267357
2021-01-31,composite_strength,2021-02-02,2021-02-26,0.1116882561041583,0.053645366340066045,0.05804288976409226,0.9809954026758538
2021-02-28,composite_strength,2021-03-02,2021-03-31,-0.043662493164667054,0.02539750154907076,-0.06905999471373782,0.8441878706391204
2021-03-31,composite_strength,2021-04-05,2021-04-30,-0.013728867868144983,0.027309168412007794,-0.041038036280152776,0.7685060218964144
2021-04-30,composite_strength,2021-05-04,2021-05-28,0.01621900687980469,0.013061942979841503,0.0031570638999631855,0.7740893084150111
2021-05-31,composite_strength,2021-06-02,2021-06-30,0.060006859431254014,-0.0021947541075316448,0.06220161353878566,0.8844405259603332
2021-06-30,composite_strength,2021-07-02,2021-07-30,-0.07655596953001322,-0.0016554742946604554,-0.07490049523535276,0.7432949973243355
2021-07-31,composite_strength,2021-08-03,2021-08-31,0.02352133589809061,0.02176139655681896,0.0017599393412716484,0.7463630907735688
2021-08-31,composite_strength,2021-09-02,2021-09-30,-0.029076841602315703,-0.03433600072994063,0.005259159127624924,0.755547492162558
2021-09-30,composite_strength,2021-10-04,2021-10-29,0.02118519927997634,0.03765692453168864,-0.0164717252517123,0.7266305962053239
2021-10-31,composite_strength,2021-11-02,2021-11-30,-0.10384488242171028,-0.03300485329332876,-0.07084002912838153,0.604316034476184
2021-11-30,composite_strength,2021-12-02,2021-12-31,0.004110105225421627,0.061563855782956076,-0.05745375055753445,0.5121420612159364
2021-12-31,composite_strength,2022-01-04,2022-01-31,-0.14323395571939673,-0.06594400922600527,-0.07728994649339146,0.39526868221415
2022-01-31,composite_strength,2022-02-02,2022-02-28,-0.02464985721828082,-0.01598605019410184,-0.00866380702417898,0.383180343604566
2022-02-28,composite_strength,2022-03-02,2022-03-31,0.03879234722564892,0.024426943589332836,0.014365403636316085,0.4030502875422639
2022-03-31,composite_strength,2022-04-04,2022-04-29,-0.17235121082518487,-0.06713750491233918,-0.10521370591284569,0.2554301672078585
2022-04-30,composite_strength,2022-05-03,2022-05-31,-0.07642140021231568,0.003626358558686538,-0.08004775877100222,0.15493579602936491
2022-05-31,composite_strength,2022-06-02,2022-06-30,-0.0312542801855704,-0.07987050812581216,0.04861622794024176,0.21108441794547317
2022-06-30,composite_strength,2022-07-05,2022-07-29,0.08914999418867635,0.08054609122269273,0.008603902965983623,0.22150447076109092
2022-07-31,composite_strength,2022-08-02,2022-08-31,0.033276608838834876,-0.036705656562242756,0.06998226540107763,0.30698812082249627
2022-08-31,composite_strength,2022-09-02,2022-09-30,-0.10774088294542206,-0.08967380206520292,-0.018067080880219133,0.28337466073411055
2022-09-30,composite_strength,2022-10-04,2022-10-31,0.03292171681447562,0.0690324705662134,-0.03611075375173777,0.2370310343891211
2022-10-31,composite_strength,2022-11-02,2022-11-30,-0.020446477717252737,0.047439504220543625,-0.06788598193779637,0.1530539679320877
2022-11-30,composite_strength,2022-12-02,2022-12-30,-0.05441941893153716,-0.053311857949285654,-0.0011075609822515028,0.15177689034677577
2022-12-31,composite_strength,2023-01-04,2023-01-31,0.1807680288293902,0.10386504989456366,0.07690297893482653,0.24035196428273387
2023-01-31,composite_strength,2023-02-02,2023-02-28,-0.07407689703284702,-0.025847511180219628,-0.04822938585262739,0.1805305508042776
2023-02-28,composite_strength,2023-03-02,2023-03-31,-0.047561428525288406,-0.03933798669386818,-0.00822344183142023,0.17082252648952423
2023-03-31,composite_strength,2023-04-04,2023-04-28,-0.01612583728588006,-0.014734160391189825,-0.0013916768946902348,0.16919311983162588
2023-04-30,composite_strength,2023-05-02,2023-05-31,0.05211119849296934,-0.03438978567703539,0.08650098417000474,0.2703294753818597
2023-05-31,composite_strength,2023-06-02,2023-06-30,0.02226575449323881,0.07875617703042885,-0.05649042253719004,0.1985680265560914
2023-06-30,composite_strength,2023-07-05,2023-07-31,0.0438974326406891,0.04612116007110387,-0.002223727430414768,0.19590273795822055
2023-07-31,composite_strength,2023-08-02,2023-08-31,-0.09688320508789117,-0.03161126827903877,-0.0652719368088524,0.11784385001667808
2023-08-31,composite_strength,2023-09-05,2023-09-29,-0.027823940314460952,-0.05344348723027344,0.025619546915812485,0.1464825029767327
2023-09-30,composite_strength,2023-10-03,2023-10-31,-0.09040936011812319,-0.03930294580827333,-0.05110641430984986,0.08788989318061025
2023-10-31,composite_strength,2023-11-02,2023-11-30,0.08622912036470376,0.07835212989463407,0.007876990470069692,0.09645919150167903
2023-11-30,composite_strength,2023-12-04,2023-12-29,0.11738296757705358,0.07595176113792818,0.0414312064391254,0.1418868186168616
2023-12-31,composite_strength,2024-01-03,2024-01-31,-0.03210227043353241,-0.01573467440156203,-0.016367596031970376,0.12319687645550892
2024-01-31,composite_strength,2024-02-02,2024-02-29,0.10554554498172164,0.025186491536188453,0.08035905344553318,0.21345591428045307
2024-02-29,composite_strength,2024-03-04,2024-03-28,-0.004093107822687525,0.03321087618680027,-0.0373039840094878,0.16818917425791668
2024-03-31,composite_strength,2024-04-02,2024-04-30,-0.08470692576035864,-0.04942516698707425,-0.03528175877328439,0.12697340561018655
2024-04-30,composite_strength,2024-05-02,2024-05-31,0.009376554561317372,0.04172763276043085,-0.03235107819911348,0.09051460083697016
2024-05-31,composite_strength,2024-06-04,2024-06-28,-0.04066843980088244,-0.009775521994056043,-0.030892917806826396,0.05682542290616954
2024-06-30,composite_strength,2024-07-02,2024-07-31,0.07804221141083781,0.09282130752677359,-0.01477909611593578,0.04120649840327473
2024-07-31,composite_strength,2024-08-02,2024-08-30,-0.007686899977588569,0.02222896077657207,-0.02991586075416064,0.01005790978071519
2024-08-31,composite_strength,2024-09-04,2024-09-30,0.0672771643692232,0.0390292912674825,0.028247873101740692,0.03858989744161012
2024-09-30,composite_strength,2024-10-02,2024-10-31,0.053450070826089484,-0.0031235980301724743,0.05657366885626196,0.09734673837693086
2024-10-31,composite_strength,2024-11-04,2024-11-29,0.09662346792968396,0.07840510518701252,0.01821836274267144,0.1173385993111693
2024-11-30,composite_strength,2024-12-03,2024-12-31,-0.029391447384735786,-0.06519804861898452,0.03580660123424874,0.15734669698033854
2024-12-31,composite_strength,2025-01-03,2025-01-31,0.002928520982283166,0.028817114971794552,-0.025888593989511387,0.12738461823711256
2025-01-31,composite_strength,2025-02-04,2025-02-28,-0.051034734873587305,-0.023137223514775603,-0.027897511358811702,0.0959333930440931
2025-02-28,composite_strength,2025-03-04,2025-03-31,-0.05942765600515778,-0.023637310906280733,-0.03579034509887705,0.05670955870166172
2025-03-31,composite_strength,2025-04-02,2025-04-30,0.03505776549560315,-0.02465199772338317,0.05970976321898633,0.11980543624297746
2025-04-30,composite_strength,2025-05-02,2025-05-30,0.04141210340296604,0.06230606216384638,-0.020893958760880342,0.09640826763790722
2025-05-31,composite_strength,2025-06-03,2025-06-30,0.07683765104743014,0.04062836729720843,0.036209283750221706,0.13610842570689718
2025-06-30,composite_strength,2025-07-02,2025-07-31,0.05092552891190904,-0.005478397932141355,0.05640392684405039,0.20018940223737824
2025-07-31,composite_strength,2025-08-04,2025-08-29,0.09587926269163327,0.07472120915931106,0.02115805353232221,0.22558307385884246
2025-08-31,composite_strength,2025-09-03,2025-09-30,0.08035491616897414,0.006796052684052625,0.07355886348492151,0.3157355718782555
2025-09-30,composite_strength,2025-10-02,2025-10-31,0.0414349173416527,-0.02517600403139026,0.06661092137304296,0.4033779306043539
2025-10-31,composite_strength,2025-11-04,2025-11-26,0.03551353527782379,0.039739240934662835,-0.004225705656839045,0.397447668544316
2019-01-31,composite_value,2019-02-04,2019-02-28,0.05187399496218288,0.047151525870798135,0.004722469091384747,0.00472246909138474
2019-02-28,composite_value,2019-03-04,2019-03-29,-0.00022060345215085199,-0.02845560157913298,0.02823499812698213,0.033090806124316696
2019-03-31,composite_value,2019-04-02,2019-04-30,0.010494462057325243,0.029317566444474828,-0.018823104387149583,0.013644830039234224
2019-04-30,composite_value,2019-05-02,2019-05-31,-0.04782833552621759,-0.10318710878361517,0.05535877325739758,0.0697589643489096
2019-05-31,composite_value,2019-06-04,2019-06-28,0.06662825222241167,0.04919990385920942,0.01742834836320225,0.08840309624424081
2019-06-30,composite_value,2019-07-02,2019-07-31,0.0032920065585405845,-0.01175043587475366,0.015042442433294244,0.1047753371637139
2019-07-31,composite_value,2019-08-02,2019-08-30,-0.021578292104030533,-0.0527759294572391,0.031197637353208567,0.13924171748931613
2019-08-31,composite_value,2019-09-03,2019-09-30,0.007128122803736412,0.06919022123986028,-0.06206209843612387,0.06853798587595539
2019-09-30,composite_value,2019-10-02,2019-10-31,0.030327588872410573,0.01978357504252816,0.010544013829882414,0.0798046651767863
2019-10-31,composite_value,2019-11-04,2019-11-29,0.03429611023577603,0.01235195420636889,0.021944156029407136,0.10350006723070737
2019-11-30,composite_value,2019-12-03,2019-12-31,0.07228260419860061,0.06488544091808264,0.007397163280517968,0.11166283740807526
2019-12-31,composite_value,2020-01-03,2020-01-31,0.010603581420228854,-0.033872572286425415,0.04447615370665427,0.16110532463461213
2020-01-31,composite_value,2020-02-04,2020-02-28,-0.06430238978044132,-0.09387036465403785,0.029567974873596525,0.19543685769900754
2020-02-29,composite_value,2020-03-03,2020-03-31,-0.2198505772989149,-0.27589243612300884,0.05604185882409393,0.26243136131129363
2020-03-31,composite_value,2020-04-02,2020-04-30,0.25182548386303844,0.3160242488140789,-0.06419876495104049,0.18138482707964787
2020-04-30,composite_value,2020-05-04,2020-05-29,0.12380025885808953,0.11495403211776496,0.008846226740324564,0.19183562512757368
2020-05-31,composite_value,2020-06-02,2020-06-30,0.04179900634523175,0.07653148676083851,-0.03473248041560676,0.1504402176192079
2020-06-30,composite_value,2020-07-02,2020-07-31,0.04288342455167866,0.04632093474302659,-0.0034375101913479353,0.14648556764660525
2020-07-31,composite_value,2020-08-04,2020-08-31,0.026473130284394658,0.042408670727442505,-0.015935540443047846,0.12821570051600206
2020-08-31,composite_value,2020-09-02,2020-09-30,-0.03446570228052968,-0.034045021643527934,-0.0004206806370017427,0.12774108201643353
2020-09-30,composite_value,2020-10-02,2020-10-30,-0.011437726161080613,0.013750030511976149,-0.025187756673056762,0.09933581405239389
2020-10-31,composite_value,2020-11-03,2020-11-30,0.18076915107094715,0.19617841190297086,-0.015409260832023708,0.08239586175167535
2020-11-30,composite_value,2020-12-02,2020-12-31,0.07525629547558024,0.07574120182552581,-0.0004849063499455658,0.0818710011251571
2020-12-31,composite_value,2021-01-05,2021-01-29,0.07927674232800816,0.11045654281148723,-0.03117980048347907,0.048138479161212944
2021-01-31,composite_value,2021-02-02,2021-02-26,0.044192853405695724,0.11029600870841433,-0.0661031553027186,-0.02114678150553595
2021-02-28,composite_value,2021-03-02,2021-03-31,-0.03487538355540114,0.0199720717424884,-0.054847455297889536,-0.07483438965010636
2021-03-31,composite_value,2021-04-05,2021-04-30,0.014857498854488255,0.0029788576580935798,0.011878641196394675,-0.06384467931751647
2021-04-30,composite_value,2021-05-04,2021-05-28,-0.004014730899451556,0.02963728760163137,-0.03365201850108293,-0.09534819548901063
2021-05-31,composite_value,2021-06-02,2021-06-30,0.034888192211910404,0.0015131110953943564,0.03337508111651605,-0.06515536813125367
2021-06-30,composite_value,2021-07-02,2021-07-30,-0.026722880793674443,-0.038959066362171425,0.012236185568496982,-0.05371643573799445
2021-07-31,composite_value,2021-08-03,2021-08-31,0.020683320826026738,0.02819200513182529,-0.007508684305798551,-0.06082178028580365
2021-08-31,composite_value,2021-09-02,2021-09-30,-0.044532347042747264,-0.015907532078966228,-0.028624814963781036,-0.0877055830431358
2021-09-30,composite_value,2021-10-04,2021-10-29,0.028531340056253674,0.01722936643575466,0.011301973620499013,-0.07739485560856074
2021-10-31,composite_value,2021-11-02,2021-11-30,-0.0646346776178815,-0.06775607881044626,0.0031214011925647656,-0.07451503481059096
2021-11-30,composite_value,2021-12-02,2021-12-31,0.03898335372630006,0.03500618812270252,0.003977165603597538,-0.07083422784039295
2021-12-31,composite_value,2022-01-04,2022-01-31,-0.11583043341771927,-0.06838842146875994,-0.047442011948959334,-0.11491572150575313
2022-01-31,composite_value,2022-02-02,2022-02-28,-0.017311761277360588,-0.010192982263363846,-0.007118779013996742,-0.12121644089311645
2022-02-28,composite_value,2022-03-02,2022-03-31,0.03616934218369922,0.03304041026823456,0.003128931915464664,-0.11846678696824131
2022-03-31,composite_value,2022-04-04,2022-04-29,-0.10895707035560472,-0.09419587125249682,-0.0147611991031079,-0.1314792742418055
2022-04-30,composite_value,2022-05-03,2022-05-31,-0.033543222918474225,-0.01839285613687053,-0.015150366781603693,-0.1446376817944668
2022-05-31,composite_value,2022-06-02,2022-06-30,-0.05822482758686596,-0.06853491489777944,0.010310087310913478,-0.13581882161130243
2022-06-30,composite_value,2022-07-05,2022-07-29,0.08001196804808468,0.144339696532274,-0.06432772848418931,-0.1914096338158373
2022-07-31,composite_value,2022-08-02,2022-08-31,-0.016798067323143286,-0.0008651730626169521,-0.015932894260526333,-0.20429281862032989
2022-08-31,composite_value,2022-09-02,2022-09-30,-0.08128897779897491,-0.10259566282402198,0.021306685025047067,-0.18733893633450538
2022-09-30,composite_value,2022-10-04,2022-10-31,0.05530154074297519,0.06485573325106433,-0.009554192508089143,-0.1951032565805939
2022-10-31,composite_value,2022-11-02,2022-11-30,0.02190713805754166,0.010035750937087732,0.011871387120453927,-0.18554801574746949
2022-11-30,composite_value,2022-12-02,2022-12-30,-0.05033307526073232,-0.05597006562607166,0.005636990365339337,-0.1809569577592065
2022-12-31,composite_value,2023-01-04,2023-01-31,0.10506645630080753,0.17435575130432854,-0.069289295003521,-0.23770787273361016
2023-01-31,composite_value,2023-02-02,2023-02-28,-0.04157475449540349,-0.035493955130433456,-0.006080799364970031,-0.24234321821701332
2023-02-28,composite_value,2023-03-02,2023-03-31,-0.010655591544419042,-0.0715677949046668,0.06091220336024776,-0.1961926742477771
2023-03-31,composite_value,2023-04-04,2023-04-28,-0.0070899686278564685,-0.019330528416789998,0.01224055978893353,-0.18635362261812427
2023-04-30,composite_value,2023-05-02,2023-05-31,0.0014707828301262456,0.012258288333555856,-0.01078750550342961,-0.1951308373919769
2023-05-31,composite_value,2023-06-02,2023-06-30,0.045859471028090376,0.07676387843154019,-0.03090440740344981,-0.22000484189968872
2023-06-30,composite_value,2023-07-05,2023-07-31,0.02736794148388743,0.06196460899271326,-0.03459666750882583,-0.2469900750429792
2023-07-31,composite_value,2023-08-02,2023-08-31,-0.04623618122593627,-0.05465866115734719,0.008422479931410917,-0.24064786406187544
2023-08-31,composite_value,2023-09-05,2023-09-29,-0.06276313968076987,-0.061789989199426854,-0.0009731504813430131,-0.24138682795847255
2023-09-30,composite_value,2023-10-03,2023-10-31,-0.05789209541942188,-0.05469422511062714,-0.0031978703087947383,-0.24381277449720473
2023-10-31,composite_value,2023-11-02,2023-11-30,0.08695602856752585,0.09363298806951827,-0.006676959501992416,-0.24886180597781093
2023-11-30,composite_value,2023-12-04,2023-12-29,0.07294016549541726,0.11148586999733182,-0.03854570450191455,-0.27781495684469193
2023-12-31,composite_value,2024-01-03,2024-01-31,-0.015189415022311368,-0.018013966338678494,0.0028245513163671267,-0.27577510813038697
2024-01-31,composite_value,2024-02-02,2024-02-29,0.05679350570897536,0.038616301465442544,0.018177204243532814,-0.26261072435262256
2024-02-29,composite_value,2024-03-04,2024-03-28,0.006864277207613678,0.032276958831659805,-0.025412681624046127,-0.2813497632476353
2024-03-31,composite_value,2024-04-02,2024-04-30,-0.04907907806420079,-0.05443370891833507,0.005354630854134283,-0.2775016565165901
2024-04-30,composite_value,2024-05-02,2024-05-31,0.0271135460149589,0.04591884469740121,-0.018805298682442306,-0.29108845366336544
2024-05-31,composite_value,2024-06-04,2024-06-28,-0.005909653949463281,-0.02233943170788872,0.01642977775842544,-0.2794411945066728
2024-06-30,composite_value,2024-07-02,2024-07-31,0.06208362321533053,0.1049832677771694,-0.042899644561838875,-0.3103529111482398
2024-07-31,composite_value,2024-08-02,2024-08-30,0.0303359513922,-0.0005036027402552526,0.030839554132455253,-0.2890845024193057
2024-08-31,composite_value,2024-09-04,2024-09-30,0.04492500875753748,0.040397847482658907,0.004527161274878573,-0.2858660733089474
2024-09-30,composite_value,2024-10-02,2024-10-31,0.011549792514482583,0.020644044475946983,-0.0090942519614644,-0.2923605871725058
2024-10-31,composite_value,2024-11-04,2024-11-29,0.08436066003990926,0.08835787980402664,-0.003997219764117377,-0.29518917741932826
2024-11-30,composite_value,2024-12-03,2024-12-31,-0.05290012348735186,-0.03869898294570183,-0.014201140541650031,-0.3051982949660723
2024-12-31,composite_value,2025-01-03,2025-01-31,0.03004216806916063,0.009460829522319783,0.020581338546840848,-0.2908983458518468
2025-01-31,composite_value,2025-02-04,2025-02-28,-0.04027485937510363,-0.025537188256174567,-0.014737671118929065,-0.3013488528205709
2025-02-28,composite_value,2025-03-04,2025-03-31,-0.040635253369095466,-0.04510399104890027,0.004468737679804803,-0.2982267641141314
2025-03-31,composite_value,2025-04-02,2025-04-30,-0.005348121638008377,-0.013511749892222945,0.008163628254214569,-0.2924977482976019
2025-04-30,composite_value,2025-05-02,2025-05-30,0.05957910932918383,0.05279788101337446,0.006781228315809372,-0.2877000139948588
2025-05-31,composite_value,2025-06-03,2025-06-30,0.04203337634639997,0.06845690097323007,-0.0264235246268301,-0.30652149021675634
2025-06-30,composite_value,2025-07-02,2025-07-31,0.010470538707791681,0.015028061526089062,-0.004557522818297381,-0.30968203434909236
2025-07-31,composite_value,2025-08-04,2025-08-29,0.056195058013199475,0.1162304425277096,-0.060035384514510126,-0.35112553885421893
2025-08-31,composite_value,2025-09-03,2025-09-30,0.029983541548189364,0.03228940030196006,-0.0023058587537706926,-0.3526217517105501
2025-09-30,composite_value,2025-10-02,2025-10-31,0.009564773559012278,-0.0027419191934111077,0.012306692752423385,-0.3446546665142498
2025-10-31,composite_value,2025-11-04,2025-11-26,-0.00040492619260638164,0.038298227670959334,-0.038703153863565716,-0.3700185977899185
2019-01-31,fama_french_5_factor,2019-02-04,2019-02-28,0.11078861431626856,0.04559142386850912,0.06519719044775944,0.06519719044775951
2019-02-28,fama_french_5_factor,2019-03-04,2019-03-29,-0.008747151914208441,-0.009164411546829898,0.00041725963262145664,0.06564165423611512
2019-03-31,fama_french_5_factor,2019-04-02,2019-04-30,-0.006743709266783063,0.02775861656043881,-0.034502325827221875,0.028874538666600946
2019-04-30,fama_french_5_factor,2019-05-02,2019-05-31,-0.07381190199704023,-0.06416720059766301,-0.009644701399377217,0.018951350963739566
2019-05-31,fama_french_5_factor,2019-06-04,2019-06-28,0.04243437677507043,0.06498142950893371,-0.02254705273386328,-0.00402299887968105
2019-06-30,fama_french_5_factor,2019-07-02,2019-07-31,-0.023046166484048784,0.017313941960455655,-0.04036010844450444,-0.04422073865312948
2019-07-31,fama_french_5_factor,2019-08-02,2019-08-30,-0.046792859124519685,-0.025423025371286233,-0.021369833753233453,-0.06464558257290032
2019-08-31,fama_french_5_factor,2019-09-03,2019-09-30,0.01530388973224407,0.044907913821961,-0.029604024089716928,-0.09233583727883532
2019-09-30,fama_french_5_factor,2019-10-02,2019-10-31,0.02303531151788428,0.030740808450323245,-0.0077054969324389655,-0.09932984070036799
2019-10-31,fama_french_5_factor,2019-11-04,2019-11-29,0.029025907561311542,0.02043816714046862,0.008587740420842923,-0.0915951191675034
2019-11-30,fama_french_5_factor,2019-12-03,2019-12-31,0.10436039954138622,0.03686470719321686,0.06749569234816935,-0.030281702803257815
2019-12-31,fama_french_5_factor,2020-01-03,2020-01-31,0.026002017982443316,-0.029525144477579607,0.05552716246002293,0.02356400262564251
2020-01-31,fama_french_5_factor,2020-02-04,2020-02-28,-0.05870935610002967,-0.09227084685333069,0.03356149075330102,0.05791633643517491
2020-02-29,fama_french_5_factor,2020-03-03,2020-03-31,-0.23668474855035396,-0.24074283506285996,0.004058086512505998,0.06220945245142229
2020-03-31,fama_french_5_factor,2020-04-02,2020-04-30,0.332351862217616,0.22884883576950363,0.10350302644811235,0.17215134550193678
2020-04-30,fama_french_5_factor,2020-05-04,2020-05-29,0.18550788640013519,0.08906140026372183,0.09644648613641335,0.2852012239956676
2020-05-31,fama_french_5_factor,2020-06-02,2020-06-30,0.11565974452481097,0.023485694427448373,0.0921740500973626,0.403663426001436
2020-06-30,fama_french_5_factor,2020-07-02,2020-07-31,0.04374520330457099,0.032310841987406545,0.011434361317164445,0.4197134207820252
2020-07-31,fama_french_5_factor,2020-08-04,2020-08-31,0.019961966061493374,0.043123295936452144,-0.02316132987495877,0.3868309699153867
2020-08-31,fama_french_5_factor,2020-09-02,2020-09-30,-0.020616903855909557,-0.03274392110096557,0.012127017245056014,0.40364909300352836
2020-09-30,fama_french_5_factor,2020-10-02,2020-10-30,-0.006747660692397226,0.01057596016768451,-0.017323620860081736,0.3793328082957377
2020-10-31,fama_french_5_factor,2020-11-03,2020-11-30,0.26009699884877446,0.12311520486945213,0.13698179397932234,0.5682762908706245
2020-11-30,fama_french_5_factor,2020-12-02,2020-12-31,0.11919146730596265,0.053456065807232944,0.06573540149872971,0.6713675625119435
2020-12-31,fama_french_5_factor,2021-01-05,2021-01-29,0.18662393524184967,0.05570037980862177,0.1309235554332279,0.8901889462317751
2021-01-31,fama_french_5_factor,2021-02-02,2021-02-26,0.12033468959781862,0.053123703538665794,0.06721098605915282,1.0172304091461237
2021-02-28,fama_french_5_factor,2021-03-02,2021-03-31,-0.042933231476303076,0.026267563804335783,-0.06920079528063885,0.8776364605689235
2021-03-31,fama_french_5_factor,2021-04-05,2021-04-30,-0.01671941487206468,0.02632833977965185,-0.04304775465171653,0.796808426889235
2021-04-30,fama_french_5_factor,2021-05-04,2021-05-28,0.01637256293803737,0.015354815231204888,0.0010177477068324826,0.7986371245453188
2021-05-31,fama_french_5_factor,2021-06-02,2021-06-30,0.05899692974939264,0.0004165239214336831,0.05858040582795896,0.9040020172384164
2021-06-30,fama_french_5_factor,2021-07-02,2021-07-30,-0.07979612309350582,-0.004721724318501925,-0.0750743987750039,0.7610602105278477
2021-07-31,fama_french_5_factor,2021-08-03,2021-08-31,0.02352038275826069,0.021441000661841982,0.0020793820964187075,0.7647221276003346
2021-08-31,fama_french_5_factor,2021-09-02,2021-09-30,-0.025190355838825576,-0.03408387166627531,0.008893515827449731,0.7804167117731988
2021-09-30,fama_french_5_factor,2021-10-04,2021-10-29,0.016795494015844147,0.03569552826755757,-0.018900034251713424,0.7467667749383624
2021-10-31,fama_french_5_factor,2021-11-02,2021-11-30,-0.11127726230456528,-0.03546691162499571,-0.07581035067956957,0.6143437731748644
2021-11-30,fama_french_5_factor,2021-12-02,2021-12-31,-0.0009858932837279542,0.06080217660348653,-0.06178806988721448,0.5145965872959464
2021-12-31,fama_french_5_factor,2022-01-04,2022-01-31,-0.13782112304607497,-0.05839783274880335,-0.07942329029727162,0.3943023428598835
2022-01-31,fama_french_5_factor,2022-02-02,2022-02-28,-0.016812248063815736,-0.014016351673549273,-0.0027958963902664623,0.39040401797254143
2022-02-28,fama_french_5_factor,2022-03-02,2022-03-31,0.03956467160316394,0.024878201918764106,0.014686469684399833,0.4108241444315628
2022-03-31,fama_french_5_factor,2022-04-04,2022-04-29,-0.17198680746719103,-0.06531555150798299,-0.10667125595920804,0.26032976100747285
2022-04-30,fama_french_5_factor,2022-05-03,2022-05-31,-0.07483067466870522,0.005872859628198351,-0.08070353429690356,0.15861669491459796
2022-05-31,fama_french_5_factor,2022-06-02,2022-06-30,-0.036046941702881155,-0.077866225994092,0.041819284291210845,0.20706921586377458
2022-06-30,fama_french_5_factor,2022-07-05,2022-07-29,0.09074667697087206,0.08026417170637107,0.010482505264500994,0.21972232527368374
2022-07-31,fama_french_5_factor,2022-08-02,2022-08-31,0.029941112363286407,-0.033921203767651203,0.06386231613093761,0.2976166180022739
2022-08-31,fama_french_5_factor,2022-09-02,2022-09-30,-0.1074432272675225,-0.08667247726795516,-0.02077074999956735,0.27066414763446467
2022-09-30,fama_french_5_factor,2022-10-04,2022-10-31,0.030102032005347213,0.06784400005017309,-0.03774196804482588,0.22270678197873872
2022-10-31,fama_french_5_factor,2022-11-02,2022-11-30,-0.024031368268852295,0.05137543260971591,-0.0754068008785682,0.1305063751371931
2022-11-30,fama_french_5_factor,2022-12-02,2022-12-30,-0.056440963495483706,-0.05230826084747206,-0.004132702648011646,0.12583432844706954
2022-12-31,fama_french_5_factor,2023-01-04,2023-01-31,0.18976083231190854,0.09114300464849259,0.09861782766341595,0.2368616642274204
2023-01-31,fama_french_5_factor,2023-02-02,2023-02-28,-0.07358561980014733,-0.032958904715616924,-0.040626715084530404,0.18661203779587487
2023-02-28,fama_french_5_factor,2023-03-02,2023-03-31,-0.05279864908571505,-0.03874456246696221,-0.014054086618752841,0.16993528943383684
2023-03-31,fama_french_5_factor,2023-04-04,2023-04-28,-0.01949286561009487,-0.01819196064177387,-0.0013009049683209983,0.16841331480319832
2023-04-30,fama_french_5_factor,2023-05-02,2023-05-31,0.04548682214689907,-0.02106323251557193,0.066550054662471,0.24617128477171013
2023-05-31,fama_french_5_factor,2023-06-02,2023-06-30,0.03804627405198894,0.07550420063355613,-0.03745792658156719,0.19949229227867415
2023-06-30,fama_french_5_factor,2023-07-05,2023-07-31,0.04599796780294032,0.05590090276650737,-0.009902934963567048,0.18761379811893852
2023-07-31,fama_french_5_factor,2023-08-02,2023-08-31,-0.09685195243990266,-0.029667114821103763,-0.0671848376187989,0.10782415793847266
2023-08-31,fama_french_5_factor,2023-09-05,2023-09-29,-0.03381442829333468,-0.052401537958016685,0.01858710966468201,0.12841540705125887
2023-09-30,fama_french_5_factor,2023-10-03,2023-10-31,-0.09915429899880106,-0.03376991344271223,-0.06538438555608883,0.0546346590091884
2023-10-31,fama_french_5_factor,2023-11-02,2023-11-30,0.09233369748594669,0.0763767709857319,0.015956926500214796,0.07146338674757713
2023-11-30,fama_french_5_factor,2023-12-04,2023-12-29,0.1253488309119464,0.07334186260599565,0.05200696830595075,0.127186949143145
2023-12-31,fama_french_5_factor,2024-01-03,2024-01-31,-0.03516165133951131,-0.011542701599588728,-0.02361894973992258,0.10056397724383626
2024-01-31,fama_french_5_factor,2024-02-02,2024-02-29,0.10571411658961871,0.021949704861106853,0.08376441172851186,0.19275207136725747
2024-02-29,fama_french_5_factor,2024-03-04,2024-03-28,0.0026989432408225608,0.03699467368950178,-0.03429573044867922,0.15184576783554227
2024-03-31,fama_french_5_factor,2024-04-02,2024-04-30,-0.08283319301140875,-0.04620681642189745,-0.036626376589511296,0.10965783096976289
2024-04-30,fama_french_5_factor,2024-05-02,2024-05-31,0.004047074988184189,0.04048743448413981,-0.036440359495955615,0.0692215006917225
2024-05-31,fama_french_5_factor,2024-06-04,2024-06-28,-0.031931963779737345,-0.0022661982106834838,-0.02966576556905386,0.037502226310809794
2024-06-30,fama_french_5_factor,2024-07-02,2024-07-31,0.0830317649654264,0.08640529593104049,-0.0033735309656140883,0.03400218042345671
2024-07-31,fama_french_5_factor,2024-08-02,2024-08-30,-0.008757848126377189,0.019401793761467674,-0.028159641887844863,0.004885049311481371
2024-08-31,fama_french_5_factor,2024-09-04,2024-09-30,0.06740438973030359,0.041721727775391126,0.025682661954912464,0.0306931723364936
2024-09-30,fama_french_5_factor,2024-10-02,2024-10-31,0.06293296671317421,0.0023088889769943234,0.060624077736179886,0.09317799533837112
2024-10-31,fama_french_5_factor,2024-11-04,2024-11-29,0.0911010037396316,0.09063153714223394,0.00046946659739766083,0.0936912058921926
2024-11-30,fama_french_5_factor,2024-12-03,2024-12-31,-0.02539799704305336,-0.06005818553791907,0.03466018849486571,0.13159874924359283
2024-12-31,fama_french_5_factor,2025-01-03,2025-01-31,0.006384975035218561,0.028675121231720373,-0.02229014619650181,0.10637524768717443
2025-01-31,fama_french_5_factor,2025-02-04,2025-02-28,-0.048169108542963926,-0.015850624421244103,-0.03231848412171982,0.07061887681213275
2025-02-28,fama_french_5_factor,2025-03-04,2025-03-31,-0.054790868572978706,-0.02706607207848378,-0.027724796494494927,0.04093618632935159
2025-03-31,fama_french_5_factor,2025-04-02,2025-04-30,0.0326514582231839,-0.028790488358814696,0.0614419465819986,0.10489333188506889
2025-04-30,fama_french_5_factor,2025-05-02,2025-05-30,0.038862223782487916,0.049300680652039325,-0.010438456869551409,0.09335995049473178
2025-05-31,fama_french_5_factor,2025-06-03,2025-06-30,0.07577924519561427,0.03639749344313047,0.0393817517524838,0.13641838064122314
2025-06-30,fama_french_5_factor,2025-07-02,2025-07-31,0.05614146185491984,-0.0037066532451112185,0.05984811510003106,0.20443087868762988
2025-07-31,fama_french_5_factor,2025-08-04,2025-08-29,0.09360408892628462,0.068565513748482,0.025038575177802627,0.23458811179011696
2025-08-31,fama_french_5_factor,2025-09-03,2025-09-30,0.07732023124979943,0.011238635300382325,0.06608159594941711,0.3161716645573853
2025-09-30,fama_french_5_factor,2025-10-02,2025-10-31,0.057814405658132166,-0.015183476055169662,0.07299788171330182,0.41224940804114496
2025-10-31,fama_french_5_factor,2025-11-04,2025-11-26,0.03662120686250599,0.020063281328564563,0.016557925533941423,0.43563332857484305
2019-01-31,magic_formula,2019-02-04,2019-02-28,0.03799939282216048,0.04788998730739519,-0.009890594485234709,-0.00989059448523466
2019-02-28,magic_formula,2019-03-04,2019-03-29,-0.011042404534686988,-0.022246494805105377,0.011204090270418389,0.001202680671743117
2019-03-31,magic_formula,2019-04-02,2019-04-30,0.021981822740277896,0.020604234050329157,0.0013775886899487395,0.0025819261609829613
2019-04-30,magic_formula,2019-05-02,2019-05-31,-0.05104843884580471,-0.08994446213987776,0.03889602329407305,0.041578376115157356
2019-05-31,magic_formula,2019-06-04,2019-06-28,0.058333028896762965,0.07282403117602566,-0.014491002279262699,0.026484861492841905
2019-06-30,magic_formula,2019-07-02,2019-07-31,0.0007549941356974701,0.002303129581976947,-0.001548135446279477,0.024895723893695543
2019-07-31,magic_formula,2019-08-02,2019-08-30,-0.02898090357933827,-0.038669418171055604,0.009688514591717334,0.03482544106962826
2019-08-31,magic_formula,2019-09-03,2019-09-30,0.0384612335818914,0.06301081309491512,-0.024549579513023716,0.009420911621989658
2019-09-30,magic_formula,2019-10-02,2019-10-31,0.02282458871456171,0.03115788586679428,-0.008333297152232567,0.001009107213766125
2019-10-31,magic_formula,2019-11-04,2019-11-29,0.022905290851709965,0.019507142640196172,0.0033981482115137927,0.004410684521153563
2019-11-30,magic_formula,2019-12-03,2019-12-31,0.09208863172926751,0.04428942188772732,0.047799209841540194,0.05242072159766531
2019-12-31,magic_formula,2020-01-03,2020-01-31,-0.010684496463975833,-0.045096295454585204,0.03441179899060937,0.08863641192283622
2020-01-31,magic_formula,2020-02-04,2020-02-28,-0.08189468534045419,-0.10135644867029084,0.01946176332983665,0.10982319612392089
2020-02-29,magic_formula,2020-03-03,2020-03-31,-0.2410662879477939,-0.25904835265211046,0.01798206470431657,0.12978010864697254
2020-03-31,magic_formula,2020-04-02,2020-04-30,0.26079675895765925,0.28281932867106513,-0.022022569713405882,0.10489944744347524
2020-04-30,magic_formula,2020-05-04,2020-05-29,0.10089510949187304,0.10272287341493275,-0.0018277639230597081,0.10287995209482936
2020-05-31,magic_formula,2020-06-02,2020-06-30,0.03965359704978892,0.03930829525186209,0.00034530179792683496,0.10326077852518534
2020-06-30,magic_formula,2020-07-02,2020-07-31,0.049028272862505516,0.03200552421149069,0.01702274865101483,0.1220413094545425
2020-07-31,magic_formula,2020-08-04,2020-08-31,0.03139270334916573,0.04137125379641786,-0.009978550447252127,0.11084496364424945
2020-08-31,magic_formula,2020-09-02,2020-09-30,-0.03659049220701447,-0.04094052727302731,0.004350035066012843,0.11567717818900558
2020-09-30,magic_formula,2020-10-02,2020-10-30,0.00549356753876683,0.008268528518862688,-0.0027749609800958577,0.11258121755314754
2020-10-31,magic_formula,2020-11-03,2020-11-30,0.1665665150171692,0.14545961865801088,0.021106896359158328,0.13606435400318806
2020-11-30,magic_formula,2020-12-02,2020-12-31,0.060550378433734016,0.05594913292685189,0.004601245506882123,0.14129166500757395
2020-12-31,magic_formula,2021-01-05,2021-01-29,0.061261856640206516,0.04479577000500114,0.01646608663520538,0.1600842724396263
2021-01-31,magic_formula,2021-02-02,2021-02-26,0.07326716430552618,0.05553906955886647,0.017728094746659713,0.18065035633554594
2021-02-28,magic_formula,2021-03-02,2021-03-31,-0.005302515485703638,0.03332914939284002,-0.03863166487854366,0.13503986743085794
2021-03-31,magic_formula,2021-04-05,2021-04-30,0.01844237453967727,0.022244579920278586,-0.0038022053806013173,0.13072421273971546
2021-04-30,magic_formula,2021-05-04,2021-05-28,0.007656553107173093,0.020326449529771525,-0.012669896422598432,0.11639805408177906
2021-05-31,magic_formula,2021-06-02,2021-06-30,0.033114819755356406,-0.01204003920810438,0.04515485896346079,0.16680885076092378
2021-06-30,magic_formula,2021-07-02,2021-07-30,-0.025822638481745503,-0.003751856000127647,-0.022070782481617857,0.14105646641815284
2021-07-31,magic_formula,2021-08-03,2021-08-31,0.015713742628741024,0.025409352633063147,-0.009695610004322123,0.12999322792685253
2021-08-31,magic_formula,2021-09-02,2021-09-30,-0.03220090908088936,-0.026894187959775277,-0.005306721121114081,0.12399666899749717
2021-09-30,magic_formula,2021-10-04,2021-10-29,0.030231356969181614,0.03346272552260152,-0.003231368553419909,0.12036462150714988
2021-10-31,magic_formula,2021-11-02,2021-11-30,-0.06335090362655088,-0.03722351066299486,-0.02612739296355602,0.09109241477856678
2021-11-30,magic_formula,2021-12-02,2021-12-31,0.06532422607423535,0.06161641577018628,0.0037078103040490765,0.09513797847675254
2021-12-31,magic_formula,2022-01-04,2022-01-31,-0.07592156132472384,-0.05810372982823058,-0.017817831496493262,0.07562499451084337
2022-01-31,magic_formula,2022-02-02,2022-02-28,-0.005439434356016192,-0.009188075468504826,0.0037486411124886335,0.07965712658688728
2022-02-28,magic_formula,2022-03-02,2022-03-31,0.056555380624099816,0.02562278498946756,0.030932595634632257,0.11305372390764834
2022-03-31,magic_formula,2022-04-04,2022-04-29,-0.09186789027558978,-0.06349250696687236,-0.028375383308717417,0.08147039784857335
2022-04-30,magic_formula,2022-05-03,2022-05-31,-0.01174074478854326,0.008740491210459129,-0.020481235999002388,0.059320547404301704
2022-05-31,magic_formula,2022-06-02,2022-06-30,-0.06787623422896519,-0.08945268566002856,0.021576451431063376,0.08217692574529822
2022-06-30,magic_formula,2022-07-05,2022-07-29,0.0787950874819936,0.08823772849385768,-0.00944264101186408,0.07195831752416271
2022-07-31,magic_formula,2022-08-02,2022-08-31,-0.012574517584163659,-0.0323818255285235,0.01980730794435984,0.09319092602288181
2022-08-31,magic_formula,2022-09-02,2022-09-30,-0.09523804580704952,-0.08943944666380843,-0.005798599143241087,0.08685195005584667
2022-09-30,magic_formula,2022-10-04,2022-10-31,0.06431826306107065,0.07991094869318145,-0.015592685632110803,0.06990500926997933
2022-10-31,magic_formula,2022-11-02,2022-11-30,0.033014311406705577,0.05039537057593976,-0.017381059169234186,0.05130892699839773
2022-11-30,magic_formula,2022-12-02,2022-12-30,-0.050940369338080736,-0.05259443244307038,0.0016540631049896462,0.05304785830649217
2022-12-31,magic_formula,2023-01-04,2023-01-31,0.11458770923187984,0.10742701375544646,0.0071606954764333874,0.06058841334193543
2023-01-31,magic_formula,2023-02-02,2023-02-28,-0.040431023139399114,-0.02510648069933121,-0.015324542440067902,0.044335381190232726
2023-02-28,magic_formula,2023-03-02,2023-03-31,-0.02864120222037614,-0.04328426468361326,0.01464306246323712,0.059627649409569994
2023-03-31,magic_formula,2023-04-04,2023-04-28,-0.014398854746750137,-0.022771760587076587,0.00837290584032645,0.06849981194388266
2023-04-30,magic_formula,2023-05-02,2023-05-31,-0.02031904722336896,-0.02539018194408701,0.005071134720718053,0.07391831843931196
2023-05-31,magic_formula,2023-06-02,2023-06-30,0.059278464271387395,0.08583417015134255,-0.026555705879955156,0.045399659435741535
2023-06-30,magic_formula,2023-07-05,2023-07-31,0.06460193288052406,0.056913800245141796,0.007688132635382261,0.053436830674466806
2023-07-31,magic_formula,2023-08-02,2023-08-31,-0.0346847940728053,-0.031273070577141154,-0.003411723495664147,0.0498427954880567
2023-08-31,magic_formula,2023-09-05,2023-09-29,-0.0643341991020847,-0.050745105397482976,-0.01358909370460172,0.03557638336506841
2023-09-30,magic_formula,2023-10-03,2023-10-31,-0.01855537611110737,-0.03795509522347223,0.019399719112364856,0.05566627432174953
2023-10-31,magic_formula,2023-11-02,2023-11-30,0.07710694671344714,0.07381024000278008,0.0032967067106670633,0.059146496412531
2023-11-30,magic_formula,2023-12-04,2023-12-29,0.08013357212614373,0.07078744705526988,0.009346125070873859,0.06904541203638037
2023-12-31,magic_formula,2024-01-03,2024-01-31,-0.01367151695940457,-0.014037535594420732,0.0003660186350161621,0.06943670257886403
2024-01-31,magic_formula,2024-02-02,2024-02-29,0.02167336794684726,0.02692227300564639,-0.00524890505879913,0.06382333086063241
2024-02-29,magic_formula,2024-03-04,2024-03-28,0.026877829496692072,0.037980472653369145,-0.011102643156677073,0.05201208003633928
2024-03-31,magic_formula,2024-04-02,2024-04-30,-0.047264562915234294,-0.045665969963582714,-0.0015985929516515798,0.050330340940140994
2024-04-30,magic_formula,2024-05-02,2024-05-31,0.03559535956803333,0.04273782289892682,-0.007142463330893488,0.042828394994651076
2024-05-31,magic_formula,2024-06-04,2024-06-28,-0.006662938310684127,-0.012668635488954682,0.0060056971782705545,0.04909130654389071
2024-06-30,magic_formula,2024-07-02,2024-07-31,0.07773734959518391,0.0937284241249265,-0.01599107452974259,0.03231520927244236
2024-07-31,magic_formula,2024-08-02,2024-08-30,0.022595662509874936,0.01447707202263561,0.008118590487239327,0.04069615371027413
2024-08-31,magic_formula,2024-09-04,2024-09-30,0.04559967185781369,0.039610395823478875,0.0059892760343348145,0.04692917024271548
2024-09-30,magic_formula,2024-10-02,2024-10-31,0.0093509433803076,-0.00626917151861427,0.01562011489892187,0.06328232417293966
2024-10-31,magic_formula,2024-11-04,2024-11-29,0.09114419249034482,0.08503164402816872,0.006112548462176098,0.06978168890842196
2024-11-30,magic_formula,2024-12-03,2024-12-31,-0.06522336173359627,-0.06353940337829567,-0.0016839583553006077,0.0679802210950371
2024-12-31,magic_formula,2025-01-03,2025-01-31,0.019430814290219464,0.031118144973646806,-0.011687330683427342,0.05549838308773958
2025-01-31,magic_formula,2025-02-04,2025-02-28,-0.021307473480628718,-0.021497800989975318,0.00019032750934660017,0.05569927346611214
2025-02-28,magic_formula,2025-03-04,2025-03-31,-0.038844768388030214,-0.015360607409004388,-0.023484160979025826,0.03090706178259328
2025-03-31,magic_formula,2025-04-02,2025-04-30,-0.026591447810837537,-0.03628686096065497,0.009695413149817433,0.04090213166563994
2025-04-30,magic_formula,2025-05-02,2025-05-30,0.0633432998499491,0.053100462206874324,0.010242837643074779,0.05156392320262149
2025-05-31,magic_formula,2025-06-03,2025-06-30,0.04720547520417056,0.049674340069887774,-0.0024688648657172144,0.048967753978570894
2025-06-30,magic_formula,2025-07-02,2025-07-31,0.016856400349732317,-0.010471270542209076,0.027327670891941394,0.07763359953555637
2025-07-31,magic_formula,2025-08-04,2025-08-29,0.07527642067782848,0.0922963849487948,-0.017019964270966317,0.0592923141742685
2025-08-31,magic_formula,2025-09-03,2025-09-30,0.02306660603203443,-9.19854273297256e-05,0.023158591459364157,0.08382403211427492
2025-09-30,magic_formula,2025-10-02,2025-10-31,-0.005938059713733526,-0.026699263379864405,0.02076120366613088,0.10632552358324654
2025-10-31,magic_formula,2025-11-04,2025-11-26,0.003806562052057233,0.03982080836281414,-0.036014246310756906,0.06648204367704236
2019-01-31,pe,2019-02-04,2019-02-28,0.04781746146843313,0.03713289113600142,0.010684570332431712,0.010684570332431642
2019-02-28,pe,2019-03-04,2019-03-29,-0.005343676436235146,-0.023196159968445623,0.017852483532210476,0.02872779998055064
2019-03-31,pe,2019-04-02,2019-04-30,0.018665730045811946,0.024966081223428083,-0.006300351177616136,0.022246453574496616
2019-04-30,pe,2019-05-02,2019-05-31,-0.052238377261891435,-0.0718417185311978,0.019603341269306372,0.042285899665255755
2019-05-31,pe,2019-06-04,2019-06-28,0.06900840035353341,0.05815894979551225,0.01084945055802116,0.05359412900099669
2019-06-30,pe,2019-07-02,2019-07-31,-0.0001309880957561623,0.004813338220725301,-0.004944326316481463,0.04838481582208676
2019-07-31,pe,2019-08-02,2019-08-30,-0.021542358156400595,-0.041008575912243855,0.01946621775584326,0.06879290293879925
2019-08-31,pe,2019-09-03,2019-09-30,0.02423447873647038,0.06314454904184834,-0.03891007030537796,0.027206095943561603
2019-09-30,pe,2019-10-02,2019-10-31,0.024196081508741436,0.039907464097253,-0.015711382588511565,0.011067267972940886
2019-10-31,pe,2019-11-04,2019-11-29,0.024360631689594264,0.015164145458404766,0.009196486231189498,0.020365534181660427
2019-11-30,pe,2019-12-03,2019-12-31,0.03407690427533503,0.05102600490001167,-0.01694910062467664,0.0030712560688634927
2019-12-31,pe,2020-01-03,2020-01-31,-0.0058994769469819085,-0.04132968192070035,0.03543020497371844,0.03861027627462854
2020-01-31,pe,2020-02-04,2020-02-28,-0.07625256718865916,-0.08643067819132924,0.010178111002670076,0.049181366955065364
2020-02-29,pe,2020-03-03,2020-03-31,-0.2115061027161886,-0.2720288266348397,0.06052272391865107,0.11268068116787955
2020-03-31,pe,2020-04-02,2020-04-30,0.20931188049910995,0.289551503530742,-0.08023962303163204,0.023399602756389415
2020-04-30,pe,2020-05-04,2020-05-29,0.10389401584107687,0.09927686351733342,0.004617152323743448,0.028124794610374204
2020-05-31,pe,2020-06-02,2020-06-30,0.03170181155266673,0.05541917621146449,-0.023717364658797764,0.003740383941848391
2020-06-30,pe,2020-07-02,2020-07-31,0.05476635408255915,0.031158154072310904,0.023608200010248246,0.027436887684310962
2020-07-31,pe,2020-08-04,2020-08-31,0.03542900874633622,0.05079520083226075,-0.015366192085924532,0.011649095111989416
2020-08-31,pe,2020-09-02,2020-09-30,-0.029747407449450956,-0.037182765993504,0.007435358544053045,0.01917106885491382
2020-09-30,pe,2020-10-02,2020-10-30,0.00035419187248146317,0.00785494610670576,-0.007500754234224297,0.011526517144801574
2020-10-31,pe,2020-11-03,2020-11-30,0.14727650756398014,0.17694958441693062,-0.02967307685295048,-0.01848858693723343
2020-11-30,pe,2020-12-02,2020-12-31,0.06138456838913496,0.07224410978883972,-0.010859541399704756,-0.029147350761671298
2020-12-31,pe,2021-01-05,2021-01-29,0.052851020171944166,0.13718899199994,-0.08433797182799584,-0.11102709414226863
2021-01-31,pe,2021-02-02,2021-02-26,0.0654859386951786,0.07457394391154747,-0.009088005216368863,-0.11910608454791427
2021-02-28,pe,2021-03-02,2021-03-31,-0.008461604513822727,0.01959596480502121,-0.028057569318843935,-0.14382182664325904
2021-03-31,pe,2021-04-05,2021-04-30,0.01842139187645684,0.014882616072007002,0.0035387758044498376,-0.1407920040390862
2021-04-30,pe,2021-05-04,2021-05-28,0.012709965073571436,0.01809788724548119,-0.005387922171909755,-0.14542134985080613
2021-05-31,pe,2021-06-02,2021-06-30,0.02388239482709282,0.0033386386079997093,0.020543756219093108,-0.12786509439209948
2021-06-30,pe,2021-07-02,2021-07-30,-0.016322595099295692,-0.026695701267812844,0.010373106168517152,-0.11881834642295908
2021-07-31,pe,2021-08-03,2021-08-31,0.018754204625871875,0.024448080220580464,-0.005693875594708589,-0.12383568513476628
2021-08-31,pe,2021-09-02,2021-09-30,-0.04409628851229773,-0.013300824806914425,-0.030795463705383302,-0.15081757149315067
2021-09-30,pe,2021-10-04,2021-10-29,0.03578914080354507,0.026564884486982587,0.009224256316562481,-0.14298449511308242
2021-10-31,pe,2021-11-02,2021-11-30,-0.05128681122763255,-0.05172993991960156,0.0004431286919690039,-0.14260472695340465
2021-11-30,pe,2021-12-02,2021-12-31,0.061470745417763865,0.04627830971238365,0.015192435705380217,-0.1295788043935473
2021-12-31,pe,2022-01-04,2022-01-31,-0.08578618688862986,-0.06542723835800157,-0.020358948530628293,-0.147299664714867
2022-01-31,pe,2022-02-02,2022-02-28,-0.014780733197958808,-0.01084109750908458,-0.003939635688874229,-0.1506589933876713
2022-02-28,pe,2022-03-02,2022-03-31,0.05300721617308686,0.024207878028725226,0.028799338144361634,-0.12619853453837038
2022-03-31,pe,2022-04-04,2022-04-29,-0.09536804220033127,-0.07734690790455806,-0.018021134295773206,-0.14194542809529787
2022-04-30,pe,2022-05-03,2022-05-31,-0.011283772440784405,0.001604865761235955,-0.01288863820202036,-0.15300458303016706
2022-05-31,pe,2022-06-02,2022-06-30,-0.06064739324388522,-0.07792665848481543,0.017279265240930215,-0.13836912456249306
2022-06-30,pe,2022-07-05,2022-07-29,0.08231568782115506,0.08236452740058008,-4.883957942501682e-05,-0.13841120625206904
2022-07-31,pe,2022-08-02,2022-08-31,-0.014632401295863642,-0.012613999936575032,-0.0020184013592886105,-0.14015023824451778
2022-08-31,pe,2022-09-02,2022-09-30,-0.08371525646250119,-0.09494098314305241,0.011225726680551218,-0.1304977998327136
2022-09-30,pe,2022-10-04,2022-10-31,0.059543093915509,0.06925583167094462,-0.009712737755435623,-0.13894304668071267
2022-10-31,pe,2022-11-02,2022-11-30,0.03422565619415141,0.027135937613372445,0.007089718580778965,-0.132838395199656
2022-11-30,pe,2022-12-02,2022-12-30,-0.048891330820868335,-0.04520866027205331,-0.003682670548815027,-0.1360318657027174
2022-12-31,pe,2023-01-04,2023-01-31,0.1008868195179475,0.11947583391161454,-0.01858901439366703,-0.15209218178683925
2023-01-31,pe,2023-02-02,2023-02-28,-0.030359911001265918,-0.02775361320636774,-0.002606297794898179,-0.1543020820637251
2023-02-28,pe,2023-03-02,2023-03-31,-0.015431568121817528,-0.06769166296069616,0.05226009483887863,-0.1101058286673331
2023-03-31,pe,2023-04-04,2023-04-28,-0.013882146017773359,-0.022654184193639956,0.008772038175866597,-0.1022996430239217
2023-04-30,pe,2023-05-02,2023-05-31,-0.016929295821249263,-0.009299871398429986,-0.007629424422819277,-0.10914858005180861
2023-05-31,pe,2023-06-02,2023-06-30,0.0543769905433318,0.07145889990440835,-0.017081909361076543,-0.12436602326155
2023-06-30,pe,2023-07-05,2023-07-31,0.04718246889049592,0.060038901638388695,-0.012856432747892776,-0.13562355259525782
2023-07-31,pe,2023-08-02,2023-08-31,-0.032440313344298095,-0.04376575284953483,0.011325439505236734,-0.12583410943042406
2023-08-31,pe,2023-09-05,2023-09-29,-0.06054532424841152,-0.05493261115793113,-0.005612713090480385,-0.1307405517676754
2023-09-30,pe,2023-10-03,2023-10-31,-0.025802943525467394,-0.04516944591836943,0.019366502392902038,-0.11390603658343146
2023-10-31,pe,2023-11-02,2023-11-30,0.07028441731426481,0.0723230119458909,-0.0020385946316260894,-0.11571242298036877
2023-11-30,pe,2023-12-04,2023-12-29,0.06327249146717093,0.08683216497140553,-0.0235596735042346,-0.13654594957880195
2023-12-31,pe,2024-01-03,2024-01-31,-0.00717539167657499,-0.021861516907360715,0.014686125230785725,-0.12386515526328712
2024-01-31,pe,2024-02-02,2024-02-29,0.04262740474285316,0.02500921087080581,0.017618193872047352,-0.10842924171065949
2024-02-29,pe,2024-03-04,2024-03-28,0.019153876597754305,0.03332046751923755,-0.014166590921483244,-0.12105975992090112
2024-03-31,pe,2024-04-02,2024-04-30,-0.048158422616087375,-0.048850451781487156,0.0006920291653997809,-0.12045150764012291
2024-04-30,pe,2024-05-02,2024-05-31,0.033547276865657505,0.03254119672959411,0.0010060801360633961,-0.11956661137325508
2024-05-31,pe,2024-06-04,2024-06-28,-0.007600487579014559,-0.010752759050552268,0.003152271471537709,-0.11679124631969773
2024-06-30,pe,2024-07-02,2024-07-31,0.059211517461831696,0.09665360772848097,-0.037442090266649276,-0.14986042819929035
2024-07-31,pe,2024-08-02,2024-08-30,0.01985336949900342,0.012943699490636331,0.00690967000836709,-0.14398624429709295
2024-08-31,pe,2024-09-04,2024-09-30,0.045672901224210416,0.037719004466888896,0.00795389675732152,-0.13717759926138495
2024-09-30,pe,2024-10-02,2024-10-31,0.0008327790167105922,0.009571743069715007,-0.008738964053004415,-0.14471777320556667
2024-10-31,pe,2024-11-04,2024-11-29,0.07797935511452517,0.09411969786195239,-0.01614034274742722,-0.15852232149181167
2024-11-30,pe,2024-12-03,2024-12-31,-0.05228988716483448,-0.055999221769175295,0.003709334604340815,-0.15540099922014083
2024-12-31,pe,2025-01-03,2025-01-31,0.029584498817016743,0.0224595352128671,0.0071249636041496416,-0.14938326207948316
2025-01-31,pe,2025-02-04,2025-02-28,-0.03247324634204512,-0.01833941699568614,-0.01413382934635898,-0.1614057338924083
2025-02-28,pe,2025-03-04,2025-03-31,-0.03904318428036648,-0.025186576630896223,-0.013856607649470259,-0.17302580561495673
2025-03-31,pe,2025-04-02,2025-04-30,-0.01621238185174411,-0.028789415499555205,0.012577033647811094,-0.16262492334630463
2025-04-30,pe,2025-05-02,2025-05-30,0.06296653435648576,0.0539526465621311,0.009013887794354664,-0.15507691836355908
2025-05-31,pe,2025-06-03,2025-06-30,0.04852622912443113,0.05064559581673148,-0.0021193666923003535,-0.15686762020033518
2025-06-30,pe,2025-07-02,2025-07-31,0.025966908923374624,-0.0024640263698659675,0.028430935293240592,-0.13289657806661492
2025-07-31,pe,2025-08-04,2025-08-29,0.06105051902756497,0.09115479191790388,-0.030104272890338908,-0.15900009610464427
2025-08-31,pe,2025-09-03,2025-09-30,0.0358047423333537,0.020225197843884477,0.015579544489469223,-0.14589770068626717
2025-09-30,pe,2025-10-02,2025-10-31,-0.006544629344170871,-0.0137035798359204,0.007158950491749528,-0.13978322461059067
2025-10-31,pe,2025-11-04,2025-11-26,0.0005521188166563671,0.031846173789323626,-0.03129405497266726,-0.16670289566803742
2019-01-31,weighted_composite,2019-02-04,2019-02-28,0.06440195532926453,0.044788545261775885,0.019613410067488644,0.019613410067488735
2019-02-28,weighted_composite,2019-03-04,2019-03-29,-0.008783802413723577,-0.020151134586099656,0.01136733217237608,0.031203694387134995
2019-03-31,weighted_composite,2019-04-02,2019-04-30,-0.0014002237118031216,0.037548390671696345,-0.03894861438349947,-0.008960260656389551
2019-04-30,weighted_composite,2019-05-02,2019-05-31,-0.0674665048905583,-0.07207156119080196,0.0046050563002436595,-0.004396466860933312
2019-05-31,weighted_composite,2019-06-04,2019-06-28,0.05188946608771382,0.06387295589473116,-0.011983489807017342,-0.016327271652135766
2019-06-30,weighted_composite,2019-07-02,2019-07-31,-0.01972646577884212,0.0027272512662022473,-0.02245371704504437,-0.038414380759385525
2019-07-31,weighted_composite,2019-08-02,2019-08-30,-0.03475730396913439,-0.027513451716434167,-0.00724385225270022,-0.045379964913485726
2019-08-31,weighted_composite,2019-09-03,2019-09-30,0.013720571648827779,0.051432268751375375,-0.0377116971025476,-0.08138030652469175
2019-09-30,weighted_composite,2019-10-02,2019-10-31,0.022062351472462056,0.027634729243076344,-0.0055723777706142875,-0.08649920248426202
2019-10-31,weighted_composite,2019-11-04,2019-11-29,0.03488803835209368,0.018328809608714088,0.01655922874337959,-0.07137233382093922
2019-11-30,weighted_composite,2019-12-03,2019-12-31,0.09499705592595181,0.04230890354346884,0.05268815238248297,-0.022444657838707416
2019-12-31,weighted_composite,2020-01-03,2020-01-31,0.02886301103439494,-0.04244807038798993,0.07131108142238488,0.04726587076104383
2020-01-31,weighted_composite,2020-02-04,2020-02-28,-0.04388052980350295,-0.09902452432457473,0.05514399452107178,0.10501629420039649
2020-02-29,weighted_composite,2020-03-03,2020-03-31,-0.23740246013980285,-0.2517349390339843,0.01433247889418146,0.12085391691475023
2020-03-31,weighted_composite,2020-04-02,2020-04-30,0.31144533157148707,0.2498542433057304,0.06159108826575668,0.18988852944446566
2020-04-30,weighted_composite,2020-05-04,2020-05-29,0.1613132904512424,0.097060370411051,0.0642529200401914,0.26634234198360174
2020-05-31,weighted_composite,2020-06-02,2020-06-30,0.10269990247841002,0.028784365571059102,0.07391553690735092,0.3599447160998319
2020-06-30,weighted_composite,2020-07-02,2020-07-31,0.03020508790068968,0.037296150212503376,-0.007091062311813695,0.35030126337734635
2020-07-31,weighted_composite,2020-08-04,2020-08-31,0.035849978295935635,0.05384408398989814,-0.017994105693962502,0.32600379972544324
2020-08-31,weighted_composite,2020-09-02,2020-09-30,-0.033069163708918374,-0.030508320254002623,-0.002560843454915751,0.32260811157372293
2020-09-30,weighted_composite,2020-10-02,2020-10-30,-0.006433540470167938,0.02227667030904597,-0.02871021077921391,0.28463575391214335
2020-10-31,weighted_composite,2020-11-03,2020-11-30,0.26068658365549363,0.1447624921079922,0.11592409154750144,0.4335559866538483
2020-11-30,weighted_composite,2020-12-02,2020-12-31,0.10196509352052921,0.06495851463837919,0.03700657888215002,0.4866069893559324
2020-12-31,weighted_composite,2021-01-05,2021-01-29,0.14989086137298357,0.098570712087073,0.05132014928591057,0.5628998819791569
2021-01-31,weighted_composite,2021-02-02,2021-02-26,0.0946430333402688,0.08110296920326193,0.013540064137006869,0.5840616466208752
2021-02-28,weighted_composite,2021-03-02,2021-03-31,-0.03781344164377033,0.025500126173411,-0.06331356781718134,0.48376905213094856
2021-03-31,weighted_composite,2021-04-05,2021-04-30,-0.0053555676813269535,0.014279362052725248,-0.019634929734052203,0.4546353510507961
2021-04-30,weighted_composite,2021-05-04,2021-05-28,0.0009033605841238684,0.025997273955246782,-0.025093913371122913,0.41813285756495455
2021-05-31,weighted_composite,2021-06-02,2021-06-30,0.04995229461742131,0.005915635074576536,0.044036659542844775,0.48058269140006393
2021-06-30,weighted_composite,2021-07-02,2021-07-30,-0.06162128049591638,-0.019148853345598214,-0.04247242715031817,0.41769875089955266
2021-07-31,weighted_composite,2021-08-03,2021-08-31,0.02269258351372868,0.021859754907778396,0.0008328286059502837,0.41887945097392176
2021-08-31,weighted_composite,2021-09-02,2021-09-30,-0.04118216623628852,-0.010087497937265839,-0.031094668299022684,0.37475986508958825
2021-09-30,weighted_composite,2021-10-04,2021-10-29,0.019193538594506575,0.038290256879361904,-0.01909671828485533,0.3485064632366466
2021-10-31,weighted_composite,2021-11-02,2021-11-30,-0.09946101137529463,-0.03925866000369397,-0.06020235137160066,0.2673232033099995
2021-11-30,weighted_composite,2021-12-02,2021-12-31,0.008522891638521945,0.05746207892892171,-0.04893918729039977,0.20530143570574189
2021-12-31,weighted_composite,2022-01-04,2022-01-31,-0.13972720399730168,-0.0579775479955589,-0.08174965600174278,0.10676845795839074
2022-01-31,weighted_composite,2022-02-02,2022-02-28,-0.01872938635749537,-0.01070418552471555,-0.00802520083277982,0.09788641880788873
2022-02-28,weighted_composite,2022-03-02,2022-03-31,0.028101794951654373,0.027823843031244456,0.0002779519204099169,0.09819157844638826
2022-03-31,weighted_composite,2022-04-04,2022-04-29,-0.1656448215059675,-0.05644207804797573,-0.10920274345799176,-0.021733954762419683
2022-04-30,weighted_composite,2022-05-03,2022-05-31,-0.07212190051319342,0.015263827419234934,-0.08738572793242835,-0.10722044523708352
2022-05-31,weighted_composite,2022-06-02,2022-06-30,-0.04015675481143585,-0.08374248304240756,0.043585728230971704,-0.06830799819301914
2022-06-30,weighted_composite,2022-07-05,2022-07-29,0.08512142615448394,0.14913604137449832,-0.06401461522001438,-0.12794990319225796
2022-07-31,weighted_composite,2022-08-02,2022-08-31,0.022690814162165476,-0.026751988773024756,0.04944280293519023,-0.08483330210617912
2022-08-31,weighted_composite,2022-09-02,2022-09-30,-0.10103723987517178,-0.08150762532777897,-0.019529614547392812,-0.10270615496265567
2022-09-30,weighted_composite,2022-10-04,2022-10-31,0.043710297552222534,0.07111290142779073,-0.027402603875568192,-0.1272943427581994
2022-10-31,weighted_composite,2022-11-02,2022-11-30,-0.00922103701332533,0.05945074744210645,-0.06867178445543178,-0.18722459754534426
2022-11-30,weighted_composite,2022-12-02,2022-12-30,-0.06787805911081493,-0.046903387335206034,-0.020974671775608897,-0.20427229483911902
2022-12-31,weighted_composite,2023-01-04,2023-01-31,0.16790353420434445,0.09928233604027642,0.06862119816406803,-0.14966850629863504
2023-01-31,weighted_composite,2023-02-02,2023-02-28,-0.06453525206803035,-0.025104303635149424,-0.03943094843288092,-0.18319788357762823
2023-02-28,weighted_composite,2023-03-02,2023-03-31,-0.03657147064190632,-0.05029654657069346,0.01372507592878714,-0.17198721251093707
2023-03-31,weighted_composite,2023-04-04,2023-04-28,-0.012587447135309777,-0.017978101715628053,0.005390654580318276,-0.16752368158549713
2023-04-30,weighted_composite,2023-05-02,2023-05-31,0.03185257368561497,-0.028105806378839037,0.059958380064454,-0.11760975009134289
2023-05-31,weighted_composite,2023-06-02,2023-06-30,0.05016346235920082,0.07749452245862126,-0.02733106009942044,-0.14172641104273898
2023-06-30,weighted_composite,2023-07-05,2023-07-31,0.0397782787263987,0.04599187322235008,-0.00621359449595138,-0.14705937509110423
2023-07-31,weighted_composite,2023-08-02,2023-08-31,-0.0848402141749553,-0.03271830210471376,-0.052121912070241534,-0.1915162713437426
2023-08-31,weighted_composite,2023-09-05,2023-09-29,-0.021903806588229147,-0.05537732270427676,0.03347351611604761,-0.16445347822300516
2023-09-30,weighted_composite,2023-10-03,2023-10-31,-0.08063799578928128,-0.03695427659590608,-0.0436837191933752,-0.20095325785331275
2023-10-31,weighted_composite,2023-11-02,2023-11-30,0.08453296182151397,0.07848690328226117,0.006046058539252802,-0.1961221744746947
2023-11-30,weighted_composite,2023-12-04,2023-12-29,0.09670897728913648,0.07531747841524199,0.021391498873894493,-0.1789260228752213
2023-12-31,weighted_composite,2024-01-03,2024-01-31,-0.02798477068590359,-0.012951915136567757,-0.015032855549335833,-0.19126910936865682
2024-01-31,weighted_composite,2024-02-02,2024-02-29,0.07971917175303964,0.029329100358592212,0.05039007139444743,-0.15051710205084845
2024-02-29,weighted_composite,2024-03-04,2024-03-28,0.0015634456291701076,0.03982710699146032,-0.03826366136229021,-0.18302142799103172
2024-03-31,weighted_composite,2024-04-02,2024-04-30,-0.07464065803787023,-0.04978209803294022,-0.024858560004930016,-0.20333033884605867
2024-04-30,weighted_composite,2024-05-02,2024-05-31,0.019066615504522384,0.0391091266104834,-0.020042511105961017,-0.2192975993775187
2024-05-31,weighted_composite,2024-06-04,2024-06-28,-0.01604197205128106,-0.015380677382055244,-0.0006612946692258169,-0.2198138737133022
2024-06-30,weighted_composite,2024-07-02,2024-07-31,0.0673975257422968,0.10027398617952707,-0.032876460437230276,-0.24546363202784272
2024-07-31,weighted_composite,2024-08-02,2024-08-30,-0.003851485941644774,0.018505088357597538,-0.022356574299242312,-0.26233248039989265
2024-08-31,weighted_composite,2024-09-04,2024-09-30,0.07578590519935433,0.0374037762290784,0.038382128970275924,-0.23401923052541773
2024-09-30,weighted_composite,2024-10-02,2024-10-31,0.029022639730241113,-0.0010970731564170365,0.03011971288665815,-0.21094810967214184
2024-10-31,weighted_composite,2024-11-04,2024-11-29,0.10265986172486735,0.08535656663930599,0.01730329508556136,-0.19729491197597893
2024-11-30,weighted_composite,2024-12-03,2024-12-31,-0.035195079968438944,-0.06822667597498253,0.03303159600654358,-0.1707802817959725
2024-12-31,weighted_composite,2025-01-03,2025-01-31,0.00783138077138304,0.02454538194584196,-0.01671400117445892,-0.18463986113991904
2025-01-31,weighted_composite,2025-02-04,2025-02-28,-0.046750453958538475,-0.021126702832694057,-0.02562375112584442,-0.20553244641600366
2025-02-28,weighted_composite,2025-03-04,2025-03-31,-0.049953871976604586,-0.037443349558583375,-0.012510522418021211,-0.21547165055550666
2025-03-31,weighted_composite,2025-04-02,2025-04-30,0.01013318821264327,-0.02398961225662929,0.03412280046927256,-0.1887013462249244
2025-04-30,weighted_composite,2025-05-02,2025-05-30,0.05161507517311762,0.0521447322469845,-0.0005296570738668807,-0.1891310562959151
2025-05-31,weighted_composite,2025-06-03,2025-06-30,0.07010887489887559,0.03959367095950255,0.030515203939373035,-0.16438722511068093
2025-06-30,weighted_composite,2025-07-02,2025-07-31,0.03255543760007153,-0.006984079014726095,0.03953951661479762,-0.13134749991440753
2025-07-31,weighted_composite,2025-08-04,2025-08-29,0.08693570736907139,0.08139536354050671,0.005540343828564678,-0.1265348663963911
2025-08-31,weighted_composite,2025-09-03,2025-09-30,0.04463501900119183,0.008459700515125138,0.03617531848606669,-0.09493698700180575
2025-09-30,weighted_composite,2025-10-02,2025-10-31,0.0313864335870544,-0.0213001105944356,0.052686544181490005,-0.047252344580443806
2025-10-31,weighted_composite,2025-11-04,2025-11-26,0.05977218150249427,0.037079715179046166,0.022692466323448103,-0.025632150495091488
